FECHA_VENTA;SOCIO_ID;PRODUCTO;CANAL;CANT_PRIM;N_VENTAS;GENERO;GRUPO ETARIO;VIGENCIA_DESDE;ANTIGUEDAD;PLAN;PROVINCIA;DNI;VIGENCIA
15/6/2022;1;Salud;A;58;1;F;36-45;23/7/2022;19;F;Rio Negro;3700530;NO VIGENTE
15/2/2022;2;Salud;Z;9;1;F;46-60;21/7/2022;29;A;CABA;3719118;VIGENTE
20/9/2022;2;Salud;Z;98;1;M;25-35;14/1/2022;10;F;Catamarca;3784347;NO VIGENTE
18/4/2022;2;Salud;A;17;1;F;36-45;9/12/2021;23;F;Formosa;3787448;VIGENTE
18/7/2022;2;Salud;Z;7;1;M;70+;31/5/2021;16;A;Tucuman;3795694;NO VIGENTE
16/6/2021;2;Salud;A;20;1;M;46-60;16/9/2021;49;E;Santiago del Estero;3803605;NO VIGENTE
14/8/2022;2;Salud;I;48;1;F;70+;28/11/2021;14;F;La Rioja;3832239;NO VIGENTE
4/7/2022;2;Salud;Z;27;1;F;61-70;20/6/2021;17;B;CABA;3839254;NO VIGENTE
6/5/2021;1;Salud;A;107;1;F;46-60;12/2/2021;52;D;Santiago del Estero;3868042;NO VIGENTE
7/9/2021;1;Salud;A;14;1;M;61-70;21/3/2022;42;D;CABA;3879280;NO VIGENTE
18/12/2021;1;Salud;A;20;1;F;46-60;22/2/2021;33;C;Catamarca;3885785;NO VIGENTE
5/1/2022;2;Salud;Z;30;1;M;70+;26/6/2022;32;C;CABA;3893668;VIGENTE
7/3/2021;2;Salud;Z;24;1;F;46-60;20/5/2022;57;B;Chaco;3901456;NO VIGENTE
20/11/2021;2;Salud;I;28;1;M;46-60;25/12/2022;36;E;Catamarca;3905379;NO VIGENTE
13/4/2022;1;Salud;I;46;1;F;36-45;20/11/2021;24;F;Tucuman;3929364;VIGENTE
13/1/2021;1;Salud;Z;38;1;F;36-45;21/5/2022;62;F;Buenos Aires;3952818;NO VIGENTE
11/8/2021;1;Salud;Z;111;1;M;25-35;14/11/2021;44;C;Cordoba;3969313;NO VIGENTE
13/7/2022;2;Salud;H;40;1;F;70+;5/5/2022;16;D;Rio Negro;3977768;NO VIGENTE
4/2/2022;2;Salud;A;27;1;M;46-60;15/11/2022;29;D;CABA;3986035;VIGENTE
10/4/2022;2;Salud;A;9;1;F;18-24;16/8/2022;24;A;Tucuman;3992452;VIGENTE
11/5/2021;2;Salud;I;57;1;F;61-70;17/11/2021;52;E;San Luis;3997565;NO VIGENTE
1/11/2021;2;Salud;Z;74;1;F;46-60;1/9/2021;37;C;Chaco;4012458;NO VIGENTE
2/9/2021;1;Salud;A;1;1;F;25-35;4/4/2021;42;D;Buenos Aires;4015562;NO VIGENTE
28/9/2021;2;Salud;I;81;1;M;46-60;31/1/2021;40;A;La Rioja;4019837;NO VIGENTE
18/3/2022;1;Salud;A;24;1;M;46-60;2/6/2021;26;C;Cordoba;4096021;VIGENTE
23/6/2022;2;Salud;A;92;1;M;25-35;25/5/2022;18;D;Jujuy;4098660;NO VIGENTE
27/8/2021;1;Salud;I;97;1;M;61-70;9/11/2022;43;D;Entre Rios;4102922;NO VIGENTE
10/8/2022;2;Salud;Z;91;1;M;61-70;7/1/2022;14;C;Catamarca;4103801;NO VIGENTE
8/2/2021;2;Salud;Z;52;1;M;46-60;1/5/2022;60;E;Rio Negro;4105197;NO VIGENTE
13/9/2021;1;Salud;A;15;1;F;36-45;3/4/2022;41;E;Catamarca;4116886;NO VIGENTE
19/2/2022;2;Salud;A;19;1;M;25-35;6/2/2022;28;F;Santa Fe;4134583;VIGENTE
5/6/2022;1;Salud;A;39;1;M;18-24;1/11/2021;19;C;Tucuman;4138157;NO VIGENTE
7/1/2022;1;Salud;A;41;1;M;46-60;14/9/2022;32;B;Santa Cruz;4221840;VIGENTE
10/6/2021;2;Salud;Z;67;1;M;61-70;27/9/2022;49;E;Tucuman;4233781;NO VIGENTE
12/11/2022;1;Salud;A;78;1;F;70+;24/6/2022;6;C;CABA;4242245;VIGENTE
10/6/2022;2;Salud;I;60;1;M;25-35;26/2/2022;19;E;Neuquen;4250807;NO VIGENTE
2/12/2021;2;Salud;Z;45;1;F;36-45;15/3/2021;35;C;Catamarca;4252422;NO VIGENTE
6/5/2021;2;Salud;I;32;1;F;46-60;5/11/2022;52;A;Entre Rios;4283024;NO VIGENTE
11/9/2021;1;Salud;A;6;1;M;25-35;22/2/2021;42;B;Buenos Aires;4286602;NO VIGENTE
29/6/2022;1;Salud;A;2;1;M;70+;25/9/2022;17;E;Tucuman;4310346;NO VIGENTE
23/11/2021;2;Salud;M;58;1;F;25-35;5/12/2022;36;E;Neuquen;4321000;NO VIGENTE
26/12/2021;2;Salud;A;5;1;M;61-70;24/12/2021;33;D;San Juan;4331946;NO VIGENTE
21/6/2022;1;Salud;I;71;1;F;46-60;4/9/2021;18;F;La Pampa;4366509;NO VIGENTE
5/8/2021;1;Salud;A;96;1;F;25-35;26/8/2022;45;C;Tierra del Fuego;4400310;NO VIGENTE
27/10/2021;1;Salud;Z;118;1;M;46-60;25/11/2021;38;A;CABA;4403630;NO VIGENTE
3/5/2022;2;Salud;M;100;1;F;18-24;7/12/2022;22;B;Catamarca;4412418;NO VIGENTE
5/9/2022;2;Salud;A;23;1;F;18-24;8/7/2022;12;E;Catamarca;4435658;NO VIGENTE
6/4/2022;2;Salud;A;41;1;F;46-60;9/3/2022;24;A;CABA;4446427;VIGENTE
18/10/2021;2;Salud;Z;75;1;M;36-45;12/7/2022;39;E;Tucuman;4460109;NO VIGENTE
2/3/2021;2;Salud;Z;86;1;M;46-60;15/3/2021;58;C;Chaco;4466026;NO VIGENTE
10/3/2021;1;Salud;A;16;1;M;46-60;18/7/2021;57;F;Entre Rios;4481842;NO VIGENTE
23/3/2021;2;Salud;Z;11;1;M;46-60;13/2/2022;56;B;Cordoba;4499098;NO VIGENTE
1/2/2022;1;Salud;A;118;1;F;61-70;12/12/2022;30;B;Jujuy;4508785;VIGENTE
5/4/2021;2;Salud;I;113;1;M;61-70;16/6/2022;55;B;Chaco;4521046;NO VIGENTE
30/5/2022;2;Salud;A;28;1;M;18-24;26/1/2022;20;C;CABA;4541681;NO VIGENTE
1/2/2022;1;Salud;I;111;1;M;61-70;29/6/2022;30;C;La Pampa;4544693;VIGENTE
26/7/2022;2;Salud;A;116;1;F;61-70;7/4/2022;15;E;Formosa;4552114;NO VIGENTE
18/8/2021;1;Salud;A;78;1;F;36-45;17/3/2022;44;E;CABA;4553529;NO VIGENTE
25/2/2021;2;Salud;Z;64;1;F;61-70;22/9/2021;58;F;CABA;4553850;NO VIGENTE
25/8/2022;2;Salud;K;41;1;M;36-45;27/7/2021;13;F;Cordoba;4564319;NO VIGENTE
10/12/2021;2;Salud;J;31;1;M;46-60;31/1/2021;34;D;Mendoza;4589370;NO VIGENTE
6/8/2021;1;Salud;Z;20;1;M;18-24;13/10/2021;45;D;Cordoba;4595489;NO VIGENTE
12/1/2021;2;Salud;A;50;1;F;36-45;7/11/2021;62;A;Rio Negro;4619109;NO VIGENTE
1/9/2021;1;Salud;A;1;1;F;36-45;25/11/2022;42;A;Tucuman;4701140;NO VIGENTE
24/2/2022;1;Salud;A;38;1;F;25-35;11/7/2022;28;F;Chaco;4721316;VIGENTE
24/1/2021;1;Salud;A;2;1;F;46-60;2/3/2022;61;B;Mendoza;4726012;NO VIGENTE
3/8/2022;2;Salud;A;4;1;M;70+;26/3/2021;14;D;Corrientes;4745364;NO VIGENTE
27/6/2022;1;Salud;Z;33;1;M;36-45;11/4/2022;18;E;Chaco;4768987;NO VIGENTE
15/2/2022;1;Salud;A;91;1;F;36-45;27/5/2022;29;C;Neuquen;4790604;VIGENTE
15/5/2021;1;Salud;Z;101;1;M;46-60;21/10/2021;52;B;San Juan;4807585;NO VIGENTE
25/6/2022;1;Salud;A;25;1;M;70+;21/12/2022;18;A;Tucuman;4812810;NO VIGENTE
15/1/2022;2;Salud;Z;95;1;M;46-60;5/1/2021;31;D;Entre Rios;4817351;VIGENTE
27/3/2022;2;Salud;A;10;1;M;46-60;3/3/2022;25;B;Catamarca;4834613;VIGENTE
20/10/2021;2;Salud;A;34;1;F;25-35;1/4/2022;38;D;CABA;4844022;NO VIGENTE
24/6/2022;2;Salud;Z;112;1;F;46-60;6/10/2022;18;D;Corrientes;4900266;NO VIGENTE
14/9/2022;2;Salud;A;83;1;F;46-60;5/5/2021;11;B;CABA;4935315;NO VIGENTE
16/8/2021;1;Salud;A;79;1;F;61-70;8/12/2022;44;F;Rio Negro;4956632;NO VIGENTE
25/12/2021;1;Salud;Z;42;1;F;46-60;11/11/2022;33;E;Chaco;4978128;NO VIGENTE
17/10/2022;1;Salud;N;6;1;M;61-70;22/7/2022;8;F;Tucuman;5006447;VIGENTE
7/11/2022;1;Salud;A;74;1;F;61-70;19/11/2022;6;A;CABA;5012888;VIGENTE
24/5/2021;1;Salud;A;23;1;M;46-60;9/5/2021;51;C;Corrientes;5035759;NO VIGENTE
1/1/2021;2;Salud;Z;56;1;M;25-35;8/5/2022;63;C;Tucuman;5047262;NO VIGENTE
10/12/2022;1;Salud;I;75;1;F;18-24;20/9/2022;4;C;Tucuman;5058182;VIGENTE
24/9/2021;1;Salud;Z;18;1;F;36-45;3/12/2022;41;D;Salta;5107112;NO VIGENTE
17/11/2021;1;Salud;Z;59;1;F;18-24;17/9/2021;36;D;Tucuman;5108399;NO VIGENTE
25/6/2021;1;Salud;I;28;1;F;46-60;24/8/2022;48;B;CABA;5156467;NO VIGENTE
10/6/2022;2;Salud;Z;111;1;M;36-45;19/4/2021;19;B;Santiago del Estero;5171542;NO VIGENTE
17/11/2022;1;Salud;Z;20;1;M;18-24;25/6/2022;6;E;Catamarca;5180495;VIGENTE
10/1/2022;1;Salud;A;96;1;F;18-24;23/11/2022;32;C;Santa Fe;5216224;VIGENTE
9/7/2021;2;Salud;A;2;1;F;46-60;8/2/2022;47;E;CABA;5276975;NO VIGENTE
14/3/2022;1;Salud;Z;94;1;M;18-24;20/4/2021;26;F;San Juan;5333471;VIGENTE
11/10/2022;1;Salud;A;95;1;F;36-45;14/6/2021;9;E;Chaco;5348584;VIGENTE
19/10/2021;1;Salud;A;20;1;M;25-35;17/1/2022;38;C;Salta;5380740;NO VIGENTE
26/4/2021;1;Salud;Z;14;1;F;61-70;11/4/2022;53;F;Jujuy;5406860;NO VIGENTE
1/2/2022;1;Salud;Z;57;1;F;46-60;30/3/2021;30;F;Catamarca;5409000;VIGENTE
21/1/2021;2;Salud;M;83;1;F;46-60;29/9/2021;61;E;CABA;5442201;NO VIGENTE
29/8/2022;1;Salud;Z;53;1;F;46-60;31/3/2022;12;E;Chaco;5445499;NO VIGENTE
7/2/2022;2;Salud;J;59;1;M;25-35;1/9/2021;29;F;La Pampa;5445564;VIGENTE
7/11/2022;2;Salud;N;119;1;M;70+;27/10/2022;6;A;Tierra del Fuego;5455638;VIGENTE
30/9/2021;2;Salud;A;34;1;F;46-60;11/7/2021;40;B;Tucuman;5477109;NO VIGENTE
20/12/2021;1;Salud;A;34;1;F;46-60;16/11/2022;33;B;Catamarca;5486515;NO VIGENTE
4/2/2022;1;Salud;I;80;1;F;46-60;3/3/2022;29;F;Buenos Aires;5528551;VIGENTE
27/5/2021;2;Salud;A;46;1;M;61-70;13/11/2022;51;B;Tucuman;5569910;NO VIGENTE
12/10/2022;1;Salud;Z;64;1;F;70+;16/12/2021;9;F;Chaco;5625954;VIGENTE
16/7/2021;2;Salud;N;81;1;M;36-45;20/2/2022;46;E;CABA;5657445;NO VIGENTE
14/2/2021;1;Salud;Z;85;1;F;61-70;7/4/2021;59;B;La Pampa;5662361;NO VIGENTE
2/3/2021;1;Salud;A;4;1;F;61-70;11/1/2022;58;C;La Rioja;5675928;NO VIGENTE
4/6/2022;2;Salud;Z;101;1;M;18-24;27/2/2021;19;C;Rio Negro;5677443;NO VIGENTE
15/5/2022;1;Salud;I;11;1;M;70+;9/8/2022;21;E;San Luis;5735362;NO VIGENTE
10/8/2022;2;Salud;I;49;1;F;46-60;1/11/2021;14;D;CABA;5758520;NO VIGENTE
31/8/2022;1;Salud;I;66;1;F;70+;7/5/2022;12;B;La Pampa;5774188;NO VIGENTE
25/1/2022;2;Asistencia;A;30;1;M;46-60;12/5/2021;30;F;Chaco;5776960;VIGENTE
8/9/2021;2;Asistencia;Z;96;1;M;36-45;9/3/2022;42;B;Catamarca;5779741;NO VIGENTE
26/9/2022;2;Asistencia;I;46;1;F;18-24;20/10/2022;10;C;Rio Negro;5810017;NO VIGENTE
5/5/2021;1;Asistencia;A;51;1;F;46-60;10/2/2022;52;D;CABA;5827100;NO VIGENTE
12/10/2022;2;Asistencia;A;16;1;M;61-70;23/5/2021;9;C;CABA;5832349;VIGENTE
9/8/2021;1;Asistencia;N;53;1;M;18-24;9/1/2021;44;F;Tucuman;5855582;NO VIGENTE
22/10/2021;1;Asistencia;A;111;1;M;46-60;24/12/2022;38;C;CABA;5874661;NO VIGENTE
23/6/2022;1;Asistencia;A;104;1;M;18-24;31/5/2021;18;B;San Juan;5882478;NO VIGENTE
4/7/2022;1;Asistencia;Z;77;1;F;36-45;14/3/2022;17;A;Tucuman;5890286;NO VIGENTE
2/4/2022;2;Asistencia;A;14;1;M;46-60;12/3/2021;25;D;Corrientes;5912888;VIGENTE
1/3/2021;2;Asistencia;Z;69;1;F;46-60;31/12/2021;58;F;Rio Negro;5923294;NO VIGENTE
30/3/2021;1;Asistencia;I;99;1;F;61-70;29/6/2022;55;B;Catamarca;5934434;NO VIGENTE
11/10/2022;2;Asistencia;I;15;1;F;25-35;8/6/2022;9;E;Catamarca;5974369;VIGENTE
17/10/2022;1;Asistencia;A;40;1;F;25-35;10/6/2021;8;E;Corrientes;6004995;VIGENTE
13/2/2022;2;Asistencia;M;42;1;M;46-60;10/8/2022;29;D;Cordoba;6027229;VIGENTE
13/8/2021;1;Asistencia;K;103;1;M;46-60;6/1/2022;44;B;San Juan;6045195;NO VIGENTE
18/9/2022;2;Asistencia;I;17;1;M;18-24;12/9/2022;11;E;San Luis;6068654;NO VIGENTE
5/7/2022;1;Asistencia;Z;64;1;F;61-70;17/6/2022;17;C;Catamarca;6098749;NO VIGENTE
21/11/2022;1;Asistencia;A;55;1;F;70+;4/4/2021;5;E;Jujuy;6118882;VIGENTE
28/1/2021;1;Bolso;Z;79;1;M;46-60;18/8/2022;60;D;Mendoza;6143965;NO VIGENTE
14/3/2021;2;Bolso;N;117;1;M;36-45;15/7/2022;57;F;CABA;6152817;NO VIGENTE
30/10/2022;1;Bolso;A;65;1;F;25-35;3/12/2022;7;D;La Rioja;6169132;VIGENTE
18/7/2021;1;Bolso;A;69;1;M;46-60;14/5/2021;46;A;Corrientes;6182851;NO VIGENTE
14/10/2021;1;Bolso;G;30;1;M;61-70;23/6/2021;39;E;Mendoza;6195252;NO VIGENTE
9/2/2021;2;Bolso;Z;89;1;M;46-60;26/9/2022;59;A;Santiago del Estero;6278191;NO VIGENTE
25/9/2021;1;Bolso;A;101;1;M;25-35;7/12/2021;40;F;Tucuman;6338019;NO VIGENTE
28/12/2021;1;Bolso;A;60;1;M;18-24;25/3/2022;33;B;Santiago del Estero;6379959;NO VIGENTE
28/10/2021;1;Bolso;Z;101;1;M;25-35;1/1/2021;38;F;Tucuman;6390921;NO VIGENTE
21/5/2021;2;Bolso;A;30;1;M;46-60;27/7/2021;51;B;Chaco;6398501;NO VIGENTE
25/10/2021;2;Bolso;Z;38;1;F;18-24;10/4/2021;38;F;Santiago del Estero;6439013;NO VIGENTE
18/9/2022;2;Bolso;L;90;1;F;46-60;11/12/2022;11;C;Rio Negro;6472594;NO VIGENTE
19/1/2021;1;Bolso;Z;75;1;F;46-60;16/8/2021;61;D;Mendoza;6477522;NO VIGENTE
31/10/2022;1;Bolso;Z;28;1;F;46-60;4/3/2021;7;F;Catamarca;6486367;VIGENTE
21/5/2021;1;Bolso;K;41;1;F;46-60;8/11/2021;51;C;Salta;6497576;NO VIGENTE
14/8/2022;1;Bolso;A;102;1;M;46-60;21/4/2021;14;F;Corrientes;6549807;NO VIGENTE
27/11/2022;1;Bolso;Z;102;1;F;25-35;27/1/2022;5;A;La Pampa;6557203;VIGENTE
12/11/2022;2;Bolso;A;112;1;M;70+;22/7/2022;6;B;San Luis;6565654;VIGENTE
27/12/2022;2;Bolso;Z;3;1;M;61-70;21/3/2021;2;E;Mendoza;6570397;VIGENTE
15/8/2021;1;Bolso;A;86;1;M;46-60;9/9/2022;44;D;Catamarca;6595094;NO VIGENTE
22/7/2021;1;Bolso;Z;79;1;M;46-60;19/5/2022;46;B;Catamarca;6595580;NO VIGENTE
2/3/2021;1;Bolso;A;70;1;M;46-60;6/7/2022;58;F;Neuquen;6596798;NO VIGENTE
19/2/2022;1;Bolso;M;107;1;M;25-35;9/10/2021;28;B;Catamarca;6609878;VIGENTE
30/10/2021;1;Bolso;K;101;1;F;36-45;3/6/2022;38;A;Chaco;6636353;NO VIGENTE
5/10/2022;1;Bolso;A;65;1;F;46-60;12/12/2021;9;C;Tucuman;6674400;VIGENTE
18/11/2021;2;Bolso;A;30;1;M;18-24;18/3/2022;36;A;Buenos Aires;6688501;NO VIGENTE
25/4/2022;1;Bolso;I;13;1;F;36-45;9/8/2022;23;F;Catamarca;6700944;NO VIGENTE
5/1/2022;1;Bolso;A;113;1;M;25-35;28/3/2022;32;B;Formosa;6757391;VIGENTE
28/8/2022;1;Bolso;A;60;1;M;18-24;4/6/2021;12;B;CABA;6799187;NO VIGENTE
15/6/2021;2;Bolso;J;35;1;M;46-60;21/7/2021;49;C;San Juan;6848484;NO VIGENTE
12/1/2021;2;Bolso;Z;101;1;F;61-70;16/3/2021;62;D;CABA;6881869;NO VIGENTE
28/8/2021;2;Bolso;A;54;1;M;25-35;13/7/2022;43;D;La Pampa;6919674;NO VIGENTE
6/6/2022;1;Bolso;I;14;1;F;46-60;21/8/2022;19;A;Santiago del Estero;6935871;NO VIGENTE
3/5/2021;2;Bolso;A;79;1;M;36-45;8/11/2022;53;F;Chaco;6955882;NO VIGENTE
15/8/2022;1;Bolso;A;13;1;F;61-70;20/2/2022;13;A;Buenos Aires;6977887;NO VIGENTE
6/4/2021;2;Bolso;A;33;1;F;46-60;18/7/2022;55;F;CABA;7006628;NO VIGENTE
16/5/2021;2;Bolso;Z;54;1;M;36-45;22/12/2021;51;C;San Juan;7023813;NO VIGENTE
6/3/2021;1;Bolso;A;1;1;F;61-70;2/11/2021;57;C;CABA;7034982;NO VIGENTE
29/4/2021;2;Bolso;Z;13;1;F;61-70;3/6/2021;53;C;Chaco;7054320;NO VIGENTE
23/3/2022;2;Bolso;A;18;1;F;46-60;2/3/2022;26;E;Formosa;7091031;VIGENTE
31/8/2021;2;Bolso;A;83;1;F;18-24;23/11/2022;43;E;Buenos Aires;7139617;NO VIGENTE
19/4/2022;2;Bolso;I;29;1;M;46-60;20/11/2021;23;A;La Rioja;7181857;VIGENTE
4/4/2021;2;Bolso;A;65;1;F;46-60;3/6/2022;55;D;Chaco;7207180;NO VIGENTE
14/8/2021;2;Bolso;K;110;1;M;18-24;9/4/2021;44;B;San Luis;7211202;NO VIGENTE
12/7/2022;2;Bolso;A;7;1;M;25-35;13/1/2022;16;A;Catamarca;7243080;NO VIGENTE
3/1/2021;2;Bolso;Z;80;1;F;70+;8/12/2022;63;F;Catamarca;7265342;NO VIGENTE
10/4/2021;1;Bolso;I;16;1;F;61-70;19/2/2021;54;F;Tucuman;7273424;NO VIGENTE
14/10/2021;1;Bolso;I;49;1;F;18-24;25/5/2022;39;C;CABA;7289037;NO VIGENTE
25/8/2022;1;Bolso;Z;120;1;M;36-45;6/7/2022;13;C;San Juan;7316076;NO VIGENTE
3/11/2021;1;Bolso;A;75;1;F;36-45;18/3/2022;37;C;Entre Rios;7316939;NO VIGENTE
16/6/2021;1;Bolso;A;114;1;F;36-45;11/2/2022;49;A;Mendoza;7361891;NO VIGENTE
12/9/2022;2;Bolso;I;90;1;M;36-45;6/5/2022;11;F;Catamarca;7439358;NO VIGENTE
24/11/2021;2;Bolso;I;103;1;M;46-60;9/8/2022;35;D;Santa Cruz;7526894;NO VIGENTE
13/11/2022;1;Bolso;Z;3;1;F;70+;17/11/2022;6;D;Rio Negro;7529872;VIGENTE
15/8/2021;2;Bolso;Z;35;1;M;25-35;25/8/2021;44;F;La Rioja;7549909;NO VIGENTE
7/4/2022;2;Bolso;Z;50;1;M;61-70;23/5/2021;24;D;Catamarca;7551126;VIGENTE
15/11/2022;2;Bolso;N;90;1;M;70+;3/11/2021;6;B;Mendoza;7567356;VIGENTE
16/2/2022;1;Bolso;Z;13;1;F;46-60;17/1/2022;28;B;San Luis;7589632;VIGENTE
10/7/2022;1;Bolso;A;74;1;M;36-45;9/9/2021;16;F;CABA;7601606;NO VIGENTE
20/4/2021;2;Bolso;I;54;1;M;46-60;4/11/2022;54;A;Cordoba;7640027;NO VIGENTE
26/4/2022;1;Bolso;G;18;1;M;18-24;11/12/2022;23;B;CABA;7678562;NO VIGENTE
22/12/2022;2;Bolso;A;11;1;F;46-60;2/1/2021;3;E;Mendoza;7689790;VIGENTE
11/4/2021;2;Bolso;A;118;1;M;46-60;1/12/2021;54;F;Tucuman;7698323;NO VIGENTE
27/3/2021;1;Bolso;A;51;1;F;36-45;17/10/2021;56;A;Catamarca;7702936;NO VIGENTE
6/2/2021;2;Bolso;Z;47;1;M;46-60;5/2/2022;60;C;Buenos Aires;7710335;NO VIGENTE
19/1/2022;2;Bolso;N;42;1;M;61-70;16/10/2022;31;E;Mendoza;7717360;VIGENTE
7/3/2021;1;Bolso;L;17;1;F;46-60;7/12/2021;57;B;Entre Rios;7806595;NO VIGENTE
8/10/2021;2;Bolso;A;96;1;M;61-70;2/6/2021;39;C;San Luis;7844862;NO VIGENTE
9/8/2022;2;Bolso;I;28;1;M;25-35;11/4/2022;14;A;San Luis;7875133;NO VIGENTE
4/9/2022;2;Bolso;A;19;1;F;70+;10/3/2022;12;A;Chaco;7880721;NO VIGENTE
17/1/2021;2;Bolso;Z;21;1;F;18-24;19/11/2021;61;E;Catamarca;7934395;NO VIGENTE
18/2/2022;2;Bolso;Z;5;1;F;61-70;4/12/2022;28;F;Rio Negro;7951599;VIGENTE
21/9/2022;2;Bolso;Z;14;1;F;25-35;2/7/2022;10;A;Jujuy;7956863;NO VIGENTE
12/3/2022;2;Bolso;A;17;1;F;46-60;21/5/2021;26;D;Entre Rios;7965219;VIGENTE
18/4/2021;2;Bolso;Z;15;1;F;36-45;2/3/2022;54;B;CABA;7968976;NO VIGENTE
26/3/2022;2;Bolso;Z;101;1;F;36-45;15/8/2021;25;B;Tucuman;8001704;VIGENTE
2/10/2022;1;Bolso;Z;41;1;M;18-24;21/6/2022;9;B;Tucuman;8034544;VIGENTE
25/5/2022;2;Bolso;A;84;1;F;18-24;27/7/2021;20;F;CABA;8067267;NO VIGENTE
24/8/2021;1;Bolso;Z;70;1;M;61-70;20/12/2021;43;A;Tucuman;8067813;NO VIGENTE
8/6/2022;2;Bolso;Z;41;1;F;36-45;4/9/2021;19;B;CABA;8089469;NO VIGENTE
8/4/2021;1;Bolso;Z;10;1;F;36-45;6/4/2022;55;E;Santa Cruz;8102262;NO VIGENTE
15/8/2021;2;Bolso;I;36;1;F;18-24;25/9/2022;44;A;Santiago del Estero;8106589;NO VIGENTE
12/3/2022;2;Bolso;Z;62;1;F;18-24;2/9/2022;26;B;Chaco;8108111;VIGENTE
22/11/2022;1;Bolso;A;118;1;F;61-70;13/3/2022;5;C;Tucuman;8135970;VIGENTE
24/7/2021;2;Bolso;Z;8;1;M;46-60;28/4/2021;46;B;Mendoza;8136765;NO VIGENTE
29/11/2021;1;Bolso;G;24;1;M;25-35;31/8/2021;35;C;Entre Rios;8206636;NO VIGENTE
18/1/2021;1;Bolso;A;49;1;M;46-60;18/9/2021;61;E;Catamarca;8227814;NO VIGENTE
25/2/2021;1;Bolso;Z;13;1;F;61-70;24/2/2021;58;B;Chubut;8231131;NO VIGENTE
23/6/2021;1;Bolso;I;98;1;F;61-70;24/10/2022;48;D;Catamarca;8238426;NO VIGENTE
27/10/2022;1;Bolso;Z;106;1;M;61-70;5/11/2022;7;B;CABA;8255009;VIGENTE
18/3/2022;2;Bolso;A;5;1;M;61-70;21/10/2022;26;C;CABA;8257465;VIGENTE
12/6/2022;2;Bolso;J;22;1;M;70+;10/7/2021;19;A;CABA;8259242;NO VIGENTE
25/1/2022;1;Bolso;Z;119;1;M;36-45;25/10/2021;30;F;Catamarca;8259339;VIGENTE
12/4/2022;2;Bolso;A;2;1;F;70+;31/7/2022;24;D;Entre Rios;8282995;VIGENTE
13/4/2021;2;Bolso;A;46;1;M;61-70;11/12/2021;54;E;Catamarca;8286448;NO VIGENTE
11/5/2022;2;Bolso;A;110;1;M;18-24;13/1/2021;21;F;Chaco;8299191;NO VIGENTE
23/12/2021;1;Bolso;I;71;1;M;18-24;22/5/2021;33;E;San Juan;8317760;NO VIGENTE
23/1/2022;1;Bolso;Z;53;1;M;36-45;25/8/2022;30;C;Chaco;8365293;VIGENTE
14/12/2021;1;Bolso;I;58;1;F;46-60;6/5/2021;34;A;Chaco;8427474;NO VIGENTE
8/10/2022;2;Bolso;I;48;1;F;61-70;8/2/2022;9;E;La Rioja;8430728;VIGENTE
23/12/2022;2;Bolso;Z;119;1;M;36-45;28/3/2022;3;F;Buenos Aires;8461793;VIGENTE
30/4/2022;1;Bolso;H;28;1;M;36-45;30/1/2022;22;D;Formosa;8468389;NO VIGENTE
3/6/2021;1;Bolso;Z;29;1;F;46-60;2/6/2021;50;B;San Luis;8476070;NO VIGENTE
2/9/2022;2;Bolso;A;107;1;M;25-35;22/6/2021;12;F;Tucuman;8483536;NO VIGENTE
7/8/2022;2;Bolso;A;71;1;F;46-60;30/4/2022;14;B;La Pampa;8495499;NO VIGENTE
20/12/2021;1;Bolso;Z;95;1;F;18-24;2/11/2022;33;D;Catamarca;8537154;NO VIGENTE
14/12/2021;1;Bolso;Z;56;1;F;36-45;28/10/2021;34;C;Rio Negro;8544305;NO VIGENTE
5/6/2022;1;Tecnologia;A;118;1;M;25-35;4/4/2021;19;C;San Luis;8574093;NO VIGENTE
7/8/2021;2;Tecnologia;Z;57;1;M;61-70;24/12/2022;45;D;Santiago del Estero;8597786;NO VIGENTE
13/7/2021;2;Tecnologia;A;29;1;F;46-60;27/11/2021;47;A;Tucuman;8673772;NO VIGENTE
16/10/2022;1;Tecnologia;A;114;1;M;61-70;17/6/2021;8;E;Chaco;8717908;VIGENTE
12/11/2021;1;Tecnologia;A;92;1;M;46-60;25/4/2021;36;D;San Juan;8751313;NO VIGENTE
13/5/2021;1;Tecnologia;I;120;1;F;61-70;1/3/2021;52;E;San Juan;8751493;NO VIGENTE
9/11/2022;2;Tecnologia;A;61;1;F;61-70;15/10/2021;6;B;Tucuman;8777824;VIGENTE
20/1/2021;2;Tecnologia;A;28;1;F;61-70;9/10/2021;61;A;Santa Cruz;8805812;NO VIGENTE
7/1/2022;2;Tecnologia;A;63;1;F;36-45;1/12/2021;32;A;Santiago del Estero;8812973;VIGENTE
21/3/2021;2;Tecnologia;A;84;1;M;61-70;20/4/2021;56;E;CABA;8816980;NO VIGENTE
16/9/2022;1;Tecnologia;A;31;1;M;70+;27/11/2022;11;E;Santiago del Estero;8834884;NO VIGENTE
10/5/2021;1;Tecnologia;Z;92;1;M;46-60;16/5/2021;52;A;Buenos Aires;8841943;NO VIGENTE
24/4/2022;1;Tecnologia;Z;106;1;F;25-35;15/4/2021;23;D;Tucuman;8865851;NO VIGENTE
24/3/2022;1;Tecnologia;A;2;1;F;18-24;30/12/2021;25;D;San Luis;8870353;VIGENTE
20/5/2022;1;Tecnologia;A;41;1;M;70+;13/12/2021;21;D;Cordoba;8887913;NO VIGENTE
3/10/2021;1;Tecnologia;Z;38;1;M;25-35;25/6/2021;40;C;La Pampa;8891835;NO VIGENTE
5/12/2022;1;Tecnologia;Z;44;1;F;70+;7/2/2022;4;A;Chaco;8909414;VIGENTE
1/3/2022;1;Tecnologia;L;52;1;F;61-70;29/8/2021;27;D;La Pampa;8938954;VIGENTE
19/5/2021;1;Tecnologia;N;64;1;F;46-60;22/6/2021;51;B;Catamarca;8942063;NO VIGENTE
4/4/2021;2;Tecnologia;Z;92;1;M;61-70;13/7/2022;55;E;Jujuy;8962291;NO VIGENTE
19/5/2022;2;Tecnologia;G;14;1;F;36-45;20/1/2022;21;B;CABA;8996663;NO VIGENTE
22/9/2021;2;Tecnologia;I;56;1;F;36-45;3/11/2021;41;F;Cordoba;9026269;NO VIGENTE
27/5/2022;1;Tecnologia;A;64;1;M;61-70;21/8/2021;20;F;San Luis;9059663;NO VIGENTE
10/1/2022;1;Tecnologia;A;14;1;F;61-70;11/11/2022;32;D;Formosa;9074976;VIGENTE
20/9/2022;1;Tecnologia;J;104;1;F;46-60;10/4/2021;10;A;Catamarca;9092289;NO VIGENTE
21/11/2022;2;Tecnologia;A;66;1;F;61-70;2/6/2021;5;C;Catamarca;9103361;VIGENTE
28/12/2021;2;Tecnologia;A;11;1;F;46-60;27/12/2022;33;F;Mendoza;9146911;NO VIGENTE
16/4/2022;2;Tecnologia;A;97;1;F;36-45;19/3/2021;24;F;Catamarca;9155274;VIGENTE
11/5/2022;2;Tecnologia;A;94;1;M;70+;11/7/2021;21;D;CABA;9183939;NO VIGENTE
19/4/2021;2;Tecnologia;Z;18;1;F;61-70;9/1/2022;54;F;Entre Rios;9233888;NO VIGENTE
22/3/2021;2;Tecnologia;I;81;1;F;36-45;11/1/2021;56;E;Entre Rios;9274300;NO VIGENTE
15/9/2021;2;Tecnologia;H;82;1;M;46-60;14/11/2022;41;D;Corrientes;9282905;NO VIGENTE
15/7/2022;2;Tecnologia;G;1;1;F;61-70;5/11/2021;16;C;La Pampa;9292263;NO VIGENTE
23/2/2021;1;Tecnologia;A;23;1;F;36-45;10/9/2021;58;C;CABA;9311766;NO VIGENTE
21/11/2022;1;Tecnologia;A;94;1;F;18-24;8/11/2022;5;D;San Juan;9376256;VIGENTE
31/1/2022;1;Tecnologia;Z;85;1;F;36-45;31/7/2022;30;B;San Luis;9407174;VIGENTE
8/8/2022;1;Tecnologia;Z;58;1;M;36-45;19/9/2022;14;B;San Juan;9408437;NO VIGENTE
22/2/2022;1;Tecnologia;Z;35;1;F;18-24;21/10/2022;28;F;Misiones;9413269;VIGENTE
13/6/2022;1;Tecnologia;A;12;1;F;70+;1/8/2021;19;B;Corrientes;9416168;NO VIGENTE
2/3/2022;2;Tecnologia;A;59;1;M;61-70;31/5/2022;27;D;Salta;9444630;VIGENTE
27/9/2021;2;Tecnologia;Z;17;1;F;61-70;17/2/2021;40;B;La Pampa;9457289;NO VIGENTE
28/5/2022;1;Tecnologia;Z;38;1;M;25-35;30/6/2021;20;C;Catamarca;9457848;NO VIGENTE
5/3/2021;2;Tecnologia;A;61;1;F;36-45;6/7/2022;57;D;Tucuman;9490608;NO VIGENTE
22/5/2022;1;Tecnologia;A;33;1;M;70+;23/6/2021;21;F;Corrientes;9504866;NO VIGENTE
19/10/2021;2;Tecnologia;A;84;1;M;46-60;27/6/2021;38;E;Tucuman;9548712;NO VIGENTE
9/7/2021;1;Tecnologia;Z;89;1;M;46-60;26/4/2022;47;E;Corrientes;9584686;NO VIGENTE
12/3/2021;1;Tecnologia;A;37;1;F;46-60;20/12/2021;57;D;La Pampa;9592648;NO VIGENTE
1/7/2022;1;Tecnologia;Z;102;1;M;18-24;24/4/2022;17;C;Chubut;9602821;NO VIGENTE
12/11/2022;1;Tecnologia;I;97;1;F;25-35;12/8/2022;6;E;Rio Negro;9624005;VIGENTE
13/4/2021;1;Tecnologia;I;9;1;F;46-60;28/1/2022;54;A;Chaco;9628902;NO VIGENTE
21/12/2022;2;Tecnologia;A;72;1;M;25-35;24/11/2021;3;E;Tucuman;9662583;VIGENTE
18/9/2022;1;Tecnologia;A;107;1;M;61-70;5/6/2021;11;B;Corrientes;9694650;NO VIGENTE
8/6/2022;1;Tecnologia;I;5;1;F;61-70;22/7/2022;19;B;CABA;9720456;NO VIGENTE
20/10/2021;2;Tecnologia;K;23;1;F;46-60;12/10/2022;38;E;Mendoza;9737057;NO VIGENTE
13/11/2021;2;Tecnologia;Z;47;1;M;25-35;8/1/2022;36;F;Catamarca;9755067;NO VIGENTE
8/1/2022;1;Tecnologia;A;64;1;F;18-24;18/10/2021;32;B;Mendoza;9764000;VIGENTE
6/8/2021;1;Tecnologia;I;6;1;F;25-35;19/7/2021;45;F;Catamarca;9842271;NO VIGENTE
8/6/2021;1;Tecnologia;K;106;1;M;61-70;10/6/2022;50;D;Entre Rios;9881499;NO VIGENTE
1/5/2021;1;Tecnologia;A;18;1;M;46-60;29/4/2021;53;D;Buenos Aires;9889423;NO VIGENTE
24/5/2022;2;Tecnologia;Z;96;1;F;70+;28/2/2022;20;D;San Juan;9980383;NO VIGENTE
2/5/2022;1;Tecnologia;A;6;1;M;25-35;2/9/2022;22;F;Catamarca;9983681;NO VIGENTE
9/1/2022;1;Tecnologia;Z;103;1;F;25-35;9/9/2022;32;A;La Rioja;9994684;VIGENTE
30/6/2022;2;Tecnologia;Z;63;1;M;46-60;18/7/2021;17;A;San Luis;10029747;NO VIGENTE
14/8/2022;1;Tecnologia;Z;45;1;M;36-45;1/3/2022;14;D;San Juan;10049278;NO VIGENTE
16/10/2021;2;Tecnologia;Z;78;1;F;18-24;16/11/2021;39;F;La Pampa;10058209;NO VIGENTE
30/10/2021;1;Tecnologia;A;113;1;F;46-60;11/8/2022;38;D;Rio Negro;10084500;NO VIGENTE
10/5/2022;1;Tecnologia;Z;104;1;F;18-24;28/1/2022;22;D;Catamarca;10088966;NO VIGENTE
17/2/2022;2;Tecnologia;Z;112;1;F;46-60;29/10/2022;28;D;Catamarca;10091062;VIGENTE
3/10/2022;1;Tecnologia;Z;67;1;F;46-60;5/6/2022;9;E;CABA;10113481;VIGENTE
29/9/2022;1;Tecnologia;Z;49;1;F;61-70;25/8/2021;10;A;Catamarca;10136901;NO VIGENTE
14/2/2021;1;Tecnologia;Z;20;1;F;46-60;21/3/2021;59;A;La Pampa;10155336;NO VIGENTE
9/11/2021;1;Tecnologia;Z;38;1;M;46-60;3/4/2022;37;B;Formosa;10172259;NO VIGENTE
30/8/2022;1;Tecnologia;Z;16;1;F;25-35;18/8/2021;12;A;CABA;10202003;NO VIGENTE
26/4/2022;1;Tecnologia;A;93;1;M;70+;29/9/2021;23;A;Catamarca;10243446;NO VIGENTE
1/5/2022;2;Tecnologia;A;54;1;M;18-24;11/4/2021;22;D;CABA;10245389;NO VIGENTE
17/4/2022;2;Tecnologia;A;71;1;M;46-60;3/10/2021;23;A;Catamarca;10249304;VIGENTE
30/12/2021;1;Tecnologia;Z;42;1;F;25-35;17/1/2021;32;D;Catamarca;10296778;NO VIGENTE
20/1/2022;2;Tecnologia;Z;26;1;F;25-35;24/9/2022;31;B;Catamarca;10377854;VIGENTE
14/10/2021;1;Tecnologia;A;103;1;F;25-35;30/4/2022;39;A;Tucuman;10386781;NO VIGENTE
29/7/2022;2;Tecnologia;Z;40;1;M;25-35;19/7/2022;15;E;Misiones;10392403;NO VIGENTE
24/11/2021;2;Tecnologia;Z;100;1;F;18-24;6/9/2022;35;A;La Pampa;10405473;NO VIGENTE
6/3/2022;1;Tecnologia;Z;84;1;F;18-24;12/1/2021;27;C;Chubut;10444641;VIGENTE
24/2/2022;1;Tecnologia;I;95;1;F;46-60;18/2/2022;28;C;Chaco;10472518;VIGENTE
15/12/2021;1;Tecnologia;Z;116;1;F;25-35;28/1/2021;34;C;CABA;10474511;NO VIGENTE
16/5/2022;2;Tecnologia;Z;18;1;F;61-70;24/7/2022;21;A;Catamarca;10475372;NO VIGENTE
27/2/2022;1;Tecnologia;Z;1;1;M;18-24;11/3/2022;28;C;San Luis;10476843;VIGENTE
17/2/2021;1;Tecnologia;Z;48;1;M;46-60;12/8/2021;59;E;CABA;10570552;NO VIGENTE
4/12/2022;2;Tecnologia;Z;58;1;F;18-24;25/11/2022;4;C;Chaco;10595509;VIGENTE
16/11/2022;2;Tecnologia;A;7;1;F;36-45;5/12/2021;6;A;Santa Cruz;10596805;VIGENTE
12/11/2021;2;Tecnologia;A;89;1;M;46-60;7/9/2022;36;D;Catamarca;10605089;NO VIGENTE
17/7/2022;2;Tecnologia;G;16;1;M;61-70;1/8/2021;16;A;La Pampa;10609824;NO VIGENTE
14/8/2021;2;Tecnologia;A;98;1;F;46-60;14/1/2022;44;B;Tucuman;10621900;NO VIGENTE
16/11/2021;1;Tecnologia;A;21;1;M;46-60;11/8/2021;36;C;La Rioja;10637178;NO VIGENTE
11/8/2022;2;Tecnologia;A;100;1;M;46-60;10/6/2022;14;A;Rio Negro;10667718;NO VIGENTE
13/5/2022;1;Tecnologia;Z;117;1;F;25-35;18/10/2022;21;E;Tucuman;10677538;NO VIGENTE
23/11/2021;2;Tecnologia;A;89;1;F;46-60;10/7/2022;36;A;Jujuy;10719509;NO VIGENTE
23/10/2022;1;Tecnologia;M;11;1;F;61-70;27/9/2022;8;F;San Juan;10772183;VIGENTE
9/9/2021;1;Tecnologia;Z;109;1;M;61-70;25/4/2021;42;D;Catamarca;10810814;NO VIGENTE
21/2/2021;1;Tecnologia;I;28;1;F;46-60;4/3/2021;58;B;Catamarca;10823897;NO VIGENTE
3/9/2022;1;Tecnologia;Z;61;1;F;36-45;21/6/2022;12;F;Chaco;10833327;NO VIGENTE
22/8/2022;1;Tecnologia;A;63;1;F;70+;29/10/2021;13;C;Cordoba;10913792;NO VIGENTE
8/10/2022;1;Tecnologia;Z;26;1;M;61-70;20/11/2022;9;F;Entre Rios;10918665;VIGENTE
22/10/2022;2;Tecnologia;K;89;1;M;36-45;7/5/2021;8;C;Corrientes;10935264;VIGENTE
15/5/2022;2;Tecnologia;M;42;1;M;46-60;15/12/2021;21;C;Corrientes;10944723;NO VIGENTE
3/7/2021;1;Tecnologia;Z;41;1;M;46-60;31/7/2022;47;D;CABA;10968878;NO VIGENTE
13/6/2022;2;Tecnologia;A;96;1;M;25-35;25/4/2022;19;F;Catamarca;11054201;NO VIGENTE
28/9/2022;1;Tecnologia;Z;40;1;F;25-35;9/3/2021;10;C;Chaco;11069753;NO VIGENTE
2/8/2022;2;Tecnologia;A;47;1;M;46-60;21/6/2021;15;D;Santiago del Estero;11100185;NO VIGENTE
23/8/2022;1;Tecnologia;I;111;1;M;46-60;13/12/2021;13;A;Entre Rios;11108015;NO VIGENTE
30/12/2021;1;Tecnologia;A;58;1;F;36-45;12/6/2021;32;A;Formosa;11126710;NO VIGENTE
18/5/2021;2;Tecnologia;A;87;1;M;36-45;13/9/2021;51;E;CABA;11133604;NO VIGENTE
20/9/2021;1;Tecnologia;Z;62;1;M;46-60;17/7/2021;41;D;La Pampa;11152859;NO VIGENTE
28/2/2022;2;Tecnologia;A;100;1;F;46-60;12/7/2022;27;A;Tucuman;11155589;VIGENTE
12/4/2022;1;Tecnologia;A;12;1;M;70+;6/10/2022;24;A;Catamarca;11176483;VIGENTE
21/2/2021;1;Tecnologia;A;32;1;F;61-70;3/6/2022;58;E;Corrientes;11177966;NO VIGENTE
25/10/2022;2;Tecnologia;M;52;1;M;70+;28/9/2022;8;D;Cordoba;11202451;VIGENTE
20/9/2021;2;Tecnologia;N;1;1;F;46-60;30/7/2022;41;F;Catamarca;11237605;NO VIGENTE
30/1/2022;1;Tecnologia;Z;22;1;F;61-70;5/5/2021;30;C;Chubut;11242826;VIGENTE
6/9/2022;2;Tecnologia;Z;90;1;M;25-35;11/7/2021;12;B;Catamarca;11259206;NO VIGENTE
26/4/2022;1;Tecnologia;A;105;1;M;25-35;22/9/2021;23;F;CABA;11264831;NO VIGENTE
7/1/2022;1;Tecnologia;Z;101;1;F;18-24;19/7/2022;32;C;Corrientes;11279381;VIGENTE
4/3/2021;1;Tecnologia;A;12;1;M;36-45;28/9/2022;58;C;San Luis;11285903;NO VIGENTE
22/8/2021;1;Tecnologia;M;43;1;F;46-60;3/4/2021;43;B;Jujuy;11319149;NO VIGENTE
10/12/2021;1;Salud;A;19;1;F;36-45;20/8/2021;34;F;Tucuman;11380264;NO VIGENTE
6/12/2022;1;Mascota;I;9;1;M;46-60;26/10/2021;4;D;San Juan;11399201;VIGENTE
18/12/2022;2;Mascota;H;59;1;F;36-45;20/4/2021;3;D;Salta;11416907;VIGENTE
1/11/2021;2;Salud;G;35;1;M;46-60;23/2/2021;37;F;Catamarca;11431643;NO VIGENTE
5/1/2022;1;Salud;Z;77;1;F;36-45;18/7/2021;32;B;Catamarca;11439016;VIGENTE
20/11/2021;2;Salud;Z;38;1;F;25-35;20/7/2022;36;C;Chaco;11500782;NO VIGENTE
4/11/2022;1;Salud;A;53;1;M;25-35;9/2/2022;7;F;San Juan;11560634;VIGENTE
25/8/2021;2;Salud;A;83;1;M;61-70;23/7/2021;43;C;San Juan;11585641;NO VIGENTE
22/6/2021;1;Salud;Z;53;1;M;61-70;8/3/2021;48;F;Corrientes;11597944;NO VIGENTE
7/5/2022;1;Salud;A;93;1;M;36-45;20/6/2022;22;D;Mendoza;11601770;NO VIGENTE
15/9/2021;1;Salud;A;44;1;M;46-60;14/9/2021;41;F;San Juan;11606425;NO VIGENTE
28/3/2021;1;Salud;A;36;1;M;61-70;25/12/2022;56;C;Mendoza;11626074;NO VIGENTE
23/4/2022;1;Salud;A;107;1;F;18-24;16/7/2022;23;E;La Rioja;11690262;VIGENTE
17/7/2021;2;Salud;Z;25;1;M;46-60;14/7/2021;46;C;La Pampa;11692574;NO VIGENTE
28/11/2022;1;Salud;Z;53;1;F;46-60;1/12/2021;5;D;CABA;11693490;VIGENTE
12/3/2021;1;Salud;A;61;1;F;36-45;17/11/2021;57;C;Salta;11693556;NO VIGENTE
13/11/2022;2;Salud;A;4;1;F;70+;7/6/2022;6;E;Tucuman;11718169;VIGENTE
9/7/2021;1;Salud;I;12;1;F;36-45;16/2/2021;47;F;San Juan;11748302;NO VIGENTE
27/5/2021;2;Salud;Z;24;1;F;61-70;23/8/2021;51;A;Cordoba;11772547;NO VIGENTE
30/8/2022;2;Salud;A;84;1;M;70+;10/6/2022;12;D;Catamarca;11777454;NO VIGENTE
12/5/2022;2;Salud;A;41;1;M;61-70;27/2/2021;21;F;Tucuman;11782337;NO VIGENTE
10/6/2021;1;Salud;Z;73;1;F;46-60;29/11/2022;49;D;San Luis;11786423;NO VIGENTE
16/5/2022;1;Salud;A;23;1;F;18-24;19/7/2022;21;B;Corrientes;11820218;NO VIGENTE
20/1/2021;2;Mascota;A;108;1;F;70+;22/4/2021;61;F;Catamarca;11826350;NO VIGENTE
4/7/2021;1;Salud;Z;43;1;F;61-70;23/4/2021;47;A;Santa Cruz;11874054;NO VIGENTE
22/11/2021;2;Salud;I;84;1;M;46-60;3/6/2021;36;D;Neuquen;11877661;NO VIGENTE
27/4/2021;2;Salud;Z;44;1;M;61-70;3/3/2021;53;A;CABA;11894343;NO VIGENTE
6/7/2022;1;Salud;Z;76;1;M;25-35;13/10/2021;17;D;CABA;11916350;NO VIGENTE
8/10/2022;2;Salud;Z;114;1;F;46-60;25/6/2021;9;D;Catamarca;11961011;VIGENTE
26/7/2022;1;Salud;A;117;1;M;70+;4/7/2021;15;A;CABA;11962467;NO VIGENTE
26/3/2022;2;Salud;Z;86;1;M;46-60;23/5/2021;25;D;San Juan;11967146;VIGENTE
12/11/2022;2;Salud;A;77;1;F;25-35;5/6/2021;6;B;Catamarca;11968751;VIGENTE
18/7/2021;2;Salud;A;66;1;F;46-60;6/2/2021;46;A;Rio Negro;11976805;NO VIGENTE
4/8/2022;1;Salud;A;38;1;M;61-70;3/12/2022;14;A;Catamarca;12002346;NO VIGENTE
21/10/2021;2;Salud;M;22;1;M;46-60;11/6/2021;38;A;CABA;12022611;NO VIGENTE
13/7/2021;1;Salud;Z;61;1;M;46-60;2/4/2021;47;C;Cordoba;12034132;NO VIGENTE
1/1/2022;1;Salud;A;65;1;F;61-70;21/9/2022;32;C;Mendoza;12098487;VIGENTE
22/1/2021;2;Mascota;N;13;1;M;46-60;8/7/2022;61;F;CABA;12127679;NO VIGENTE
10/6/2022;1;Salud;A;39;1;M;18-24;14/1/2021;19;A;CABA;12133274;NO VIGENTE
9/9/2021;2;Salud;A;81;1;M;25-35;30/10/2021;42;A;CABA;12157017;NO VIGENTE
5/4/2022;1;Salud;Z;119;1;M;61-70;10/4/2022;24;F;CABA;12171696;VIGENTE
2/4/2021;2;Salud;I;84;1;M;36-45;17/11/2022;55;D;Catamarca;12174221;NO VIGENTE
5/1/2022;1;Salud;I;73;1;M;25-35;11/6/2021;32;D;CABA;12178185;VIGENTE
7/6/2022;2;Salud;Z;109;1;M;25-35;16/11/2022;19;A;Tucuman;12182784;NO VIGENTE
25/12/2022;2;Mascota;Z;86;1;M;25-35;17/6/2021;2;C;Buenos Aires;12190865;VIGENTE
15/11/2022;1;Salud;Z;98;1;M;25-35;1/10/2021;6;C;Catamarca;12197306;VIGENTE
26/5/2022;1;Salud;A;111;1;F;70+;7/11/2022;20;F;Cordoba;12216060;NO VIGENTE
17/2/2022;1;Salud;Z;44;1;M;61-70;6/3/2022;28;F;Tucuman;12218498;VIGENTE
24/8/2021;1;Salud;Z;107;1;F;36-45;4/3/2021;43;B;Corrientes;12236677;NO VIGENTE
23/6/2022;1;Salud;Z;49;1;F;18-24;10/2/2021;18;D;CABA;12253083;NO VIGENTE
31/1/2021;2;Mascota;Z;57;1;M;36-45;4/4/2022;60;A;Salta;12261948;NO VIGENTE
11/2/2021;2;Salud;A;89;1;F;61-70;2/1/2022;59;A;Santa Cruz;12271345;NO VIGENTE
23/11/2021;2;Salud;A;73;1;F;36-45;12/11/2022;36;F;Catamarca;12284725;NO VIGENTE
7/5/2022;2;Salud;Z;75;1;M;25-35;17/9/2022;22;E;CABA;12340041;NO VIGENTE
19/12/2021;1;Salud;Z;93;1;M;36-45;25/4/2021;33;D;Chubut;12362440;NO VIGENTE
6/8/2022;1;Salud;Z;19;1;M;61-70;22/11/2022;14;D;Rio Negro;12392100;NO VIGENTE
11/6/2022;2;Salud;I;112;1;M;36-45;4/5/2021;19;D;Catamarca;12431193;NO VIGENTE
19/3/2021;1;Salud;I;59;1;F;46-60;13/9/2022;56;A;Chaco;12477487;NO VIGENTE
2/10/2021;1;Salud;A;115;1;F;46-60;28/4/2021;40;B;Corrientes;12488246;NO VIGENTE
11/12/2021;2;Salud;H;22;1;F;36-45;1/7/2022;34;C;Catamarca;12514029;NO VIGENTE
23/3/2022;2;Salud;G;119;1;F;36-45;10/3/2022;26;F;Formosa;12563930;VIGENTE
14/10/2021;1;Salud;A;3;1;M;46-60;22/4/2021;39;F;Neuquen;12565883;NO VIGENTE
12/2/2022;1;Salud;A;36;1;M;46-60;1/1/2021;29;D;CABA;12606000;VIGENTE
3/1/2021;1;Mascota;A;38;1;M;18-24;23/10/2022;63;B;La Rioja;12615152;NO VIGENTE
2/12/2021;1;Salud;A;56;1;F;61-70;24/6/2022;35;A;Entre Rios;12647126;NO VIGENTE
19/5/2022;1;Salud;G;22;1;M;46-60;27/6/2021;21;F;Catamarca;12707498;NO VIGENTE
17/5/2021;2;Salud;A;52;1;F;36-45;12/3/2022;51;D;Santa Fe;12725986;NO VIGENTE
3/3/2021;1;Salud;Z;29;1;M;61-70;14/7/2022;58;A;La Rioja;12751639;NO VIGENTE
14/9/2022;2;Salud;A;20;1;M;36-45;16/4/2021;11;D;La Rioja;12823012;NO VIGENTE
6/5/2021;2;Salud;Z;18;1;M;46-60;27/6/2021;52;C;La Rioja;12825356;NO VIGENTE
21/2/2021;2;Salud;G;3;1;F;46-60;16/12/2021;58;A;CABA;12844138;NO VIGENTE
23/8/2021;1;Salud;A;24;1;F;18-24;3/6/2022;43;A;Tucuman;12874191;NO VIGENTE
5/6/2022;2;Salud;J;44;1;M;46-60;2/12/2022;19;D;Mendoza;12928397;NO VIGENTE
5/1/2022;2;Mascota;A;33;1;F;25-35;16/10/2022;32;D;San Juan;12943215;VIGENTE
19/1/2022;2;Salud;Z;31;1;F;46-60;17/2/2022;31;A;Cordoba;12958440;VIGENTE
22/2/2021;1;Salud;A;27;1;M;36-45;21/3/2021;58;E;CABA;12968581;NO VIGENTE
13/2/2022;2;Salud;A;108;1;F;61-70;2/10/2022;29;E;Tucuman;12970867;VIGENTE
9/10/2022;2;Salud;M;3;1;F;61-70;4/7/2022;9;E;Tucuman;12992805;VIGENTE
10/8/2022;1;Salud;J;72;1;F;46-60;10/5/2021;14;F;Chaco;13002233;NO VIGENTE
17/8/2021;2;Salud;Z;51;1;M;36-45;25/5/2021;44;D;La Pampa;13025860;NO VIGENTE
16/4/2022;1;Salud;M;55;1;M;70+;5/1/2021;24;C;Chaco;13045481;VIGENTE
28/2/2021;2;Salud;Z;33;1;M;46-60;25/9/2021;58;E;Cordoba;13159340;NO VIGENTE
13/5/2021;1;Salud;A;27;1;F;61-70;17/6/2021;52;B;Chaco;13160941;NO VIGENTE
22/4/2022;1;Salud;A;102;1;M;25-35;4/8/2021;23;F;Formosa;13161692;VIGENTE
1/12/2022;2;Mascota;M;108;1;M;25-35;7/8/2022;4;B;Cordoba;13165045;VIGENTE
2/1/2021;2;Mascota;M;8;1;F;36-45;3/8/2021;63;D;Catamarca;13179355;NO VIGENTE
13/1/2021;1;Mascota;G;118;1;M;46-60;13/12/2022;62;D;Jujuy;13203048;NO VIGENTE
27/11/2022;1;Bicicleta;Z;106;1;M;36-45;8/5/2022;5;C;Catamarca;13225349;VIGENTE
5/4/2022;2;Bicicleta;I;3;1;M;36-45;13/4/2021;24;F;Salta;13256438;VIGENTE
10/4/2021;2;Bicicleta;I;40;1;M;61-70;31/5/2021;54;E;Rio Negro;13258445;NO VIGENTE
5/2/2022;1;Bicicleta;A;55;1;M;36-45;20/6/2022;29;C;La Rioja;13270803;VIGENTE
24/4/2022;2;Bicicleta;A;26;1;F;18-24;7/10/2021;23;A;La Rioja;13319456;VIGENTE
18/9/2021;1;Bicicleta;G;1;1;F;46-60;29/11/2021;41;F;La Pampa;13364179;NO VIGENTE
6/7/2021;1;Bicicleta;I;18;1;M;46-60;24/4/2022;47;D;CABA;13367152;NO VIGENTE
18/12/2022;1;Bicicleta;I;56;1;M;46-60;16/10/2021;3;A;San Juan;13407344;VIGENTE
3/11/2021;2;Bicicleta;A;11;1;M;25-35;20/11/2022;37;D;CABA;13423868;NO VIGENTE
9/5/2021;2;Bicicleta;I;20;1;M;46-60;6/12/2022;52;C;Formosa;13438793;NO VIGENTE
27/12/2022;1;Bicicleta;A;78;1;F;70+;11/12/2022;2;A;Entre Rios;13453849;VIGENTE
8/12/2022;2;Bicicleta;Z;54;1;M;46-60;5/12/2022;4;A;Catamarca;13484634;VIGENTE
27/6/2021;2;Bicicleta;Z;54;1;F;46-60;26/10/2022;48;C;CABA;13497683;NO VIGENTE
16/5/2021;1;Bicicleta;Z;72;1;F;46-60;13/5/2021;51;F;Santa Cruz;13513014;NO VIGENTE
8/2/2022;1;Bicicleta;Z;109;1;F;61-70;13/2/2021;29;E;La Pampa;13584350;VIGENTE
14/1/2021;1;Bicicleta;Z;35;1;M;61-70;23/3/2021;62;F;CABA;13593615;NO VIGENTE
2/11/2021;1;Bicicleta;M;46;1;M;25-35;8/11/2022;37;C;Entre Rios;13598495;NO VIGENTE
5/4/2022;2;Bicicleta;Z;102;1;F;46-60;20/2/2021;24;F;Catamarca;13609611;VIGENTE
8/5/2021;2;Bicicleta;Z;7;1;F;46-60;17/6/2022;52;B;La Rioja;13632724;NO VIGENTE
9/2/2021;1;Bicicleta;I;38;1;M;36-45;8/10/2021;59;E;Tucuman;13633966;NO VIGENTE
7/4/2021;1;Bicicleta;Z;67;1;F;61-70;15/7/2022;55;F;Tucuman;13639823;NO VIGENTE
14/2/2022;2;Bicicleta;A;74;1;M;25-35;5/11/2022;29;E;CABA;13639844;VIGENTE
12/3/2021;1;Bicicleta;G;25;1;M;61-70;8/1/2021;57;A;Catamarca;13727299;NO VIGENTE
10/1/2021;1;Bicicleta;Z;25;1;F;18-24;21/12/2021;62;A;Salta;13735279;NO VIGENTE
4/11/2022;1;Bicicleta;I;12;1;F;46-60;18/8/2021;7;E;CABA;13735453;VIGENTE
26/5/2021;2;Bicicleta;A;114;1;M;61-70;27/11/2022;51;C;Formosa;13743070;NO VIGENTE
12/9/2022;1;Bicicleta;A;45;1;M;25-35;30/6/2022;11;D;Tucuman;13746959;NO VIGENTE
20/5/2022;1;Bicicleta;Z;69;1;F;70+;3/5/2021;21;A;Chaco;13783351;NO VIGENTE
24/10/2022;2;Bicicleta;A;55;1;M;70+;22/2/2021;8;D;La Rioja;13790003;VIGENTE
15/11/2022;1;Bicicleta;Z;87;1;F;18-24;18/8/2021;6;B;Mendoza;13800259;VIGENTE
1/8/2022;2;Bicicleta;A;30;1;M;18-24;14/11/2021;15;C;San Luis;13824826;NO VIGENTE
2/4/2021;2;Bicicleta;Z;91;1;F;46-60;25/7/2021;55;C;San Juan;13825609;NO VIGENTE
4/4/2022;1;Bicicleta;A;117;1;M;46-60;27/10/2021;25;A;Catamarca;13836362;VIGENTE
15/9/2021;1;Bicicleta;I;14;1;M;61-70;28/12/2022;41;F;Salta;13883535;NO VIGENTE
20/4/2022;1;Bicicleta;A;21;1;F;25-35;2/9/2021;23;D;Jujuy;13895629;VIGENTE
30/4/2022;2;Bicicleta;M;40;1;M;18-24;9/10/2021;22;C;Catamarca;13928753;NO VIGENTE
6/4/2021;1;Bicicleta;Z;18;1;F;46-60;23/8/2021;55;D;Neuquen;13940955;NO VIGENTE
16/8/2021;2;Bicicleta;Z;36;1;F;46-60;3/12/2022;44;A;San Luis;13978958;NO VIGENTE
8/6/2022;2;Bicicleta;A;85;1;M;61-70;13/10/2022;19;A;Neuquen;13980669;NO VIGENTE
27/7/2022;1;Bicicleta;A;64;1;M;70+;10/1/2022;15;C;Neuquen;14039488;NO VIGENTE
20/10/2021;2;Bicicleta;Z;25;1;M;61-70;23/9/2022;38;A;CABA;14041521;NO VIGENTE
28/4/2022;1;Bicicleta;A;82;1;F;70+;15/1/2022;23;B;Catamarca;14063720;NO VIGENTE
21/7/2021;1;Bicicleta;I;99;1;F;61-70;23/6/2022;46;B;Buenos Aires;14085113;NO VIGENTE
12/12/2022;2;Bicicleta;A;6;1;M;18-24;6/12/2022;4;E;San Luis;14099345;VIGENTE
7/12/2021;2;Bicicleta;A;38;1;M;46-60;27/8/2021;34;B;Entre Rios;14100800;NO VIGENTE
7/1/2022;2;Bicicleta;Z;84;1;M;46-60;14/2/2022;32;A;Catamarca;14130606;VIGENTE
1/11/2021;1;Bicicleta;M;20;1;F;46-60;19/6/2022;37;C;San Luis;14135869;NO VIGENTE
10/8/2021;2;Bicicleta;L;116;1;F;36-45;13/2/2022;44;D;Cordoba;14136588;NO VIGENTE
23/3/2022;2;Bicicleta;K;15;1;F;36-45;6/1/2022;26;D;Buenos Aires;14160322;VIGENTE
15/4/2022;1;Bicicleta;A;69;1;M;61-70;22/5/2021;24;C;Mendoza;14160820;VIGENTE
17/3/2021;2;Bicicleta;A;101;1;F;61-70;16/4/2021;56;D;San Juan;14190415;NO VIGENTE
28/11/2022;1;Bicicleta;N;55;1;M;46-60;24/2/2021;5;D;CABA;14194793;VIGENTE
10/1/2022;2;Bicicleta;A;86;1;F;25-35;11/11/2021;32;C;Santa Cruz;14199217;VIGENTE
11/2/2021;2;Bicicleta;H;37;1;F;61-70;13/10/2021;59;B;Tucuman;14249012;NO VIGENTE
10/12/2021;1;Bicicleta;A;51;1;F;18-24;23/8/2022;34;E;Salta;14254391;NO VIGENTE
4/11/2021;1;Bicicleta;I;26;1;M;18-24;25/1/2021;37;C;Entre Rios;14280119;NO VIGENTE
9/10/2022;2;Bicicleta;Z;65;1;M;18-24;5/2/2021;9;D;Cordoba;14289551;VIGENTE
24/10/2021;1;Bicicleta;Z;49;1;F;46-60;10/1/2022;38;C;La Pampa;14329284;NO VIGENTE
6/7/2021;1;Bicicleta;A;114;1;M;61-70;27/9/2022;47;F;Entre Rios;14370246;NO VIGENTE
9/1/2021;2;Bicicleta;Z;9;1;F;36-45;28/9/2022;62;F;Tucuman;14402048;NO VIGENTE
23/5/2022;1;Bicicleta;Z;65;1;M;61-70;20/5/2022;20;E;Tucuman;14411680;NO VIGENTE
15/6/2021;2;Bicicleta;Z;10;1;M;46-60;19/12/2022;49;E;La Rioja;14415331;NO VIGENTE
30/5/2022;2;Bicicleta;Z;88;1;F;46-60;27/10/2022;20;E;Corrientes;14432905;NO VIGENTE
21/1/2021;1;Bicicleta;Z;119;1;M;46-60;1/8/2021;61;D;Buenos Aires;14438036;NO VIGENTE
22/6/2022;2;Bicicleta;Z;110;1;M;61-70;13/11/2022;18;E;La Pampa;14490097;NO VIGENTE
14/12/2021;2;Bicicleta;Z;86;1;F;36-45;28/7/2022;34;F;La Rioja;14499376;NO VIGENTE
6/7/2021;2;Bicicleta;I;93;1;M;46-60;15/1/2022;47;B;Mendoza;14599775;NO VIGENTE
2/3/2021;1;Bicicleta;A;86;1;F;46-60;2/2/2022;58;F;Cordoba;14651981;NO VIGENTE
8/8/2021;1;Bicicleta;Z;78;1;F;61-70;21/10/2022;44;C;CABA;14731522;NO VIGENTE
9/3/2022;2;Bicicleta;A;101;1;M;46-60;30/11/2021;27;E;Chaco;14739896;VIGENTE
2/7/2021;1;Bicicleta;A;104;1;F;46-60;2/8/2021;48;B;Tucuman;14769087;NO VIGENTE
16/12/2022;1;Bicicleta;Z;74;1;F;70+;1/11/2021;3;C;Chaco;14802983;VIGENTE
29/5/2021;1;Bicicleta;M;15;1;M;46-60;10/7/2021;50;B;CABA;14803951;NO VIGENTE
2/10/2022;2;Bicicleta;M;90;1;M;61-70;21/12/2022;9;C;CABA;14809935;VIGENTE
23/9/2022;1;Bicicleta;A;105;1;F;61-70;1/6/2021;10;B;Catamarca;14811121;NO VIGENTE
29/7/2021;1;Bicicleta;A;99;1;M;46-60;6/1/2022;45;E;CABA;14837605;NO VIGENTE
7/1/2022;1;Bicicleta;Z;14;1;M;46-60;13/3/2022;32;F;Neuquen;14864369;VIGENTE
31/10/2021;2;Bicicleta;Z;27;1;M;18-24;9/2/2022;37;C;Corrientes;14893575;NO VIGENTE
30/11/2022;1;Salud;Z;111;1;M;70+;18/12/2021;5;B;Chaco;14896146;VIGENTE
25/2/2022;2;Vida;H;98;1;F;61-70;29/7/2022;28;A;Rio Negro;14902084;VIGENTE
23/8/2022;1;Salud;A;50;1;M;36-45;17/6/2021;13;F;Chaco;14943381;NO VIGENTE
10/12/2021;1;Vida;I;112;1;F;36-45;2/11/2021;34;E;CABA;14954904;NO VIGENTE
24/9/2022;1;Salud;J;110;1;M;61-70;8/6/2022;10;A;Tucuman;14962183;NO VIGENTE
22/4/2021;1;Salud;N;10;1;M;46-60;2/3/2022;53;D;Santa Cruz;14964505;NO VIGENTE
19/11/2022;2;Salud;Z;44;1;F;61-70;24/7/2022;5;E;Rio Negro;14983783;VIGENTE
14/1/2021;2;Vida;Z;25;1;M;70+;7/5/2022;62;C;San Juan;14990046;NO VIGENTE
5/8/2021;1;Salud;A;50;1;F;36-45;4/9/2021;45;D;La Pampa;15001286;NO VIGENTE
7/4/2022;1;Vida;A;104;1;M;46-60;10/8/2021;24;D;Catamarca;15026323;VIGENTE
2/11/2022;2;Salud;A;112;1;F;25-35;27/7/2021;7;D;Mendoza;15068598;VIGENTE
14/8/2022;1;Salud;I;55;1;M;36-45;17/8/2022;14;A;Corrientes;15075445;NO VIGENTE
28/6/2021;2;Salud;A;74;1;F;46-60;11/6/2021;48;D;La Pampa;15107865;NO VIGENTE
19/12/2021;1;Vida;Z;119;1;M;36-45;2/2/2021;33;C;Tucuman;15124691;NO VIGENTE
14/12/2022;2;Salud;Z;57;1;F;61-70;29/3/2021;3;B;Buenos Aires;15129724;VIGENTE
17/12/2022;2;Salud;A;117;1;M;61-70;11/8/2021;3;C;CABA;15139833;VIGENTE
31/7/2022;2;Salud;A;47;1;M;61-70;13/10/2022;15;F;Salta;15206015;NO VIGENTE
8/3/2021;1;Salud;Z;113;1;F;46-60;5/8/2022;57;C;Cordoba;15235899;NO VIGENTE
12/8/2021;1;Salud;A;114;1;M;18-24;12/1/2021;44;F;CABA;15240889;NO VIGENTE
16/7/2022;1;Salud;A;79;1;F;36-45;17/10/2022;16;C;Catamarca;15244117;NO VIGENTE
21/7/2022;1;Salud;M;112;1;M;70+;18/12/2022;16;F;San Juan;15286246;NO VIGENTE
24/3/2021;2;Salud;Z;94;1;M;36-45;22/1/2021;56;B;Catamarca;15306102;NO VIGENTE
9/4/2022;2;Vida;A;79;1;F;70+;29/7/2022;24;E;Cordoba;15315368;VIGENTE
5/4/2022;1;Vida;L;56;1;F;70+;17/12/2022;24;C;San Juan;15332875;VIGENTE
20/8/2022;2;Salud;A;78;1;M;18-24;13/2/2021;13;A;Tucuman;15341745;NO VIGENTE
30/7/2021;1;Salud;Z;43;1;M;46-60;27/3/2022;45;A;Catamarca;15365403;NO VIGENTE
16/8/2022;1;Salud;Z;47;1;M;18-24;2/3/2021;13;F;Catamarca;15386158;NO VIGENTE
13/11/2021;2;Vida;Z;10;1;M;18-24;25/5/2021;36;F;Rio Negro;15418135;NO VIGENTE
19/2/2021;1;Salud;A;113;1;F;46-60;14/8/2021;59;A;La Pampa;15475184;NO VIGENTE
12/9/2022;2;Salud;A;49;1;F;36-45;4/10/2022;11;A;Santa Cruz;15480498;NO VIGENTE
18/11/2022;1;Salud;N;34;1;M;61-70;4/12/2022;6;A;Chubut;15481648;VIGENTE
13/3/2022;1;Vida;A;37;1;M;46-60;3/5/2021;26;E;Cordoba;15536137;VIGENTE
9/1/2022;1;Vida;Z;62;1;M;25-35;4/9/2022;32;C;Catamarca;15541958;VIGENTE
4/4/2021;1;Salud;Z;28;1;M;61-70;24/8/2022;55;D;Catamarca;15572922;NO VIGENTE
12/2/2022;1;Vida;I;7;1;F;36-45;21/8/2022;29;E;Catamarca;15590268;VIGENTE
14/2/2021;2;Salud;Z;21;1;M;46-60;17/6/2022;59;B;Entre Rios;15597348;NO VIGENTE
23/9/2021;2;Salud;M;95;1;F;46-60;26/6/2022;41;E;Catamarca;15607366;NO VIGENTE
9/10/2022;2;Salud;I;48;1;F;46-60;6/5/2021;9;B;Chubut;15609785;VIGENTE
29/6/2021;1;Salud;Z;63;1;M;46-60;14/12/2021;48;E;Cordoba;15613030;NO VIGENTE
18/1/2022;1;Vida;A;103;1;M;61-70;27/12/2022;31;B;Catamarca;15619871;VIGENTE
14/9/2021;2;Salud;A;118;1;F;18-24;22/4/2022;41;C;Salta;15647967;NO VIGENTE
19/4/2021;1;Salud;Z;57;1;M;46-60;30/8/2021;54;B;Catamarca;15739741;NO VIGENTE
7/6/2022;1;Salud;A;78;1;F;70+;21/8/2021;19;B;Catamarca;15746048;NO VIGENTE
13/12/2022;2;Salud;I;117;1;F;18-24;24/10/2021;3;D;CABA;15761037;VIGENTE
20/8/2021;1;Salud;I;81;1;F;61-70;18/8/2022;43;D;La Rioja;15796078;NO VIGENTE
9/8/2021;1;Salud;N;10;1;M;36-45;2/4/2021;44;A;CABA;15825123;NO VIGENTE
20/6/2021;2;Salud;M;64;1;M;46-60;27/8/2022;49;F;Neuquen;15844430;NO VIGENTE
15/7/2021;2;Salud;A;54;1;F;46-60;19/2/2021;46;D;Tucuman;15979430;NO VIGENTE
19/10/2021;2;Salud;I;8;1;M;36-45;8/4/2022;38;A;Chaco;15993198;NO VIGENTE
22/10/2022;1;Salud;I;102;1;M;70+;30/1/2022;8;C;La Pampa;16018387;VIGENTE
12/2/2021;1;Salud;A;116;1;F;61-70;16/9/2022;59;B;Santa Fe;16024588;NO VIGENTE
22/4/2021;1;Salud;A;76;1;M;61-70;12/8/2021;53;C;Entre Rios;16073821;NO VIGENTE
21/11/2021;2;Vida;A;11;1;F;46-60;1/4/2022;36;C;Catamarca;16078964;NO VIGENTE
24/10/2021;1;Salud;I;25;1;M;46-60;21/7/2022;38;B;Tucuman;16096008;NO VIGENTE
7/4/2022;2;Vida;I;43;1;M;61-70;14/12/2022;24;C;Jujuy;16140765;VIGENTE
28/5/2021;1;Salud;G;79;1;M;61-70;19/4/2022;50;A;Chaco;16157092;NO VIGENTE
12/12/2021;1;Vida;Z;48;1;F;18-24;24/7/2022;34;E;Mendoza;16163487;NO VIGENTE
31/3/2022;1;Vida;M;42;1;F;36-45;14/3/2021;25;C;Catamarca;16187307;VIGENTE
11/9/2022;1;Salud;A;33;1;M;61-70;26/10/2021;11;F;Cordoba;16219819;NO VIGENTE
27/7/2021;2;Salud;A;27;1;F;46-60;1/10/2021;45;D;San Juan;16319118;NO VIGENTE
24/10/2022;1;Salud;K;108;1;M;25-35;14/11/2021;8;B;Catamarca;16325437;VIGENTE
11/4/2022;2;Vida;Z;58;1;F;36-45;8/3/2021;24;B;Tucuman;16332231;VIGENTE
19/9/2022;2;Salud;A;55;1;F;61-70;9/11/2021;11;F;CABA;16333494;NO VIGENTE
2/5/2021;2;Salud;A;12;1;M;61-70;29/11/2021;53;F;Chubut;16352653;NO VIGENTE
13/11/2022;2;Salud;A;97;1;F;46-60;24/2/2021;6;F;Jujuy;16376425;VIGENTE
6/8/2022;2;Salud;Z;14;1;M;61-70;5/10/2022;14;A;Catamarca;16386510;NO VIGENTE
2/11/2022;1;Salud;Z;104;1;F;61-70;15/2/2022;7;A;Santa Cruz;16406750;VIGENTE
6/6/2021;2;Salud;Z;61;1;F;36-45;6/11/2022;50;D;Corrientes;16432583;NO VIGENTE
27/2/2021;1;Salud;Z;70;1;M;61-70;17/7/2022;58;B;Catamarca;16457605;NO VIGENTE
26/2/2022;2;Vida;A;44;1;F;46-60;5/4/2021;28;A;San Juan;16478055;VIGENTE
20/3/2022;1;Vida;Z;71;1;F;18-24;10/5/2021;26;E;Tucuman;16496222;VIGENTE
12/9/2021;1;Salud;I;116;1;F;46-60;16/11/2022;42;A;Chubut;16505162;NO VIGENTE
17/2/2022;1;Vida;A;7;1;F;46-60;13/11/2022;28;C;San Juan;16543574;VIGENTE
22/4/2021;2;Salud;A;2;1;F;46-60;9/2/2021;53;E;CABA;16559286;VIGENTE
5/8/2021;2;Salud;J;17;1;F;46-60;28/12/2022;45;A;La Rioja;16607574;VIGENTE
17/1/2021;2;Vida;A;99;1;M;36-45;27/8/2021;61;B;Chaco;16617247;VIGENTE
31/8/2022;2;Salud;A;54;1;F;70+;6/7/2022;12;A;Neuquen;16639903;NO VIGENTE
1/8/2021;2;Salud;A;57;1;F;61-70;23/12/2021;45;F;Tucuman;16682557;VIGENTE
13/12/2021;2;Vida;A;27;1;M;18-24;21/6/2021;34;A;Tucuman;16705270;VIGENTE
23/1/2022;1;Vida;A;72;1;F;36-45;2/12/2022;30;B;Santa Cruz;16715129;VIGENTE
20/7/2021;2;Salud;A;105;1;M;61-70;25/3/2021;46;F;Jujuy;16728448;VIGENTE
31/1/2022;2;Vida;A;7;1;F;46-60;13/8/2022;30;F;Corrientes;16786679;VIGENTE
24/1/2021;2;Salud;A;19;1;M;61-70;19/6/2022;61;B;Tucuman;16804425;VIGENTE
29/12/2022;1;Vida;Z;22;1;F;36-45;3/12/2022;2;F;CABA;16810164;VIGENTE
18/12/2022;1;Vida;K;16;1;M;46-60;2/10/2022;3;C;Santa Cruz;16857304;VIGENTE
19/9/2022;1;Salud;Z;101;1;M;61-70;11/10/2022;11;C;Santiago del Estero;16872344;NO VIGENTE
17/1/2022;1;Vida;I;54;1;M;36-45;11/12/2022;31;B;Catamarca;16887659;VIGENTE
4/10/2021;1;Salud;A;80;1;F;18-24;28/4/2021;40;D;Catamarca;16910350;VIGENTE
27/6/2022;1;Salud;A;82;1;M;61-70;26/7/2022;18;A;Santa Fe;16922796;NO VIGENTE
9/6/2021;1;Salud;A;119;1;F;61-70;23/7/2022;49;A;Rio Negro;16956982;VIGENTE
2/6/2022;2;Vida;Z;56;1;M;70+;20/7/2022;20;F;Formosa;17058977;NO VIGENTE
4/9/2022;1;Salud;A;100;1;F;18-24;8/12/2021;12;E;Santa Cruz;17064004;NO VIGENTE
12/9/2022;2;Salud;A;100;1;M;36-45;6/2/2022;11;F;San Juan;17072116;NO VIGENTE
6/9/2021;2;Salud;A;90;1;M;61-70;8/10/2022;42;A;CABA;17073027;VIGENTE
31/1/2022;1;Vida;A;105;1;M;46-60;1/9/2022;30;C;Chaco;17188832;VIGENTE
31/1/2022;1;Salud;Z;69;1;F;61-70;14/11/2022;30;D;Catamarca;17191108;VIGENTE
13/10/2022;2;Salud;A;25;1;M;36-45;30/10/2022;9;E;CABA;17237598;VIGENTE
9/3/2021;1;Salud;G;79;1;F;46-60;1/11/2022;57;D;La Pampa;17259881;VIGENTE
10/12/2021;1;Vida;A;78;1;F;46-60;6/1/2022;34;B;Corrientes;17273321;VIGENTE
1/7/2022;1;Salud;I;117;1;F;25-35;3/3/2022;17;B;Buenos Aires;17273363;NO VIGENTE
3/11/2022;1;Salud;Z;41;1;F;46-60;18/3/2021;7;F;Cordoba;17282652;VIGENTE
6/3/2021;2;Salud;A;10;1;M;46-60;24/8/2022;57;F;Chubut;17293269;VIGENTE
17/3/2022;2;Vida;Z;46;1;M;46-60;14/12/2021;26;E;La Pampa;17311509;VIGENTE
7/12/2021;1;Vida;A;33;1;F;36-45;20/8/2022;34;C;Salta;17336726;VIGENTE
8/8/2022;2;Salud;I;86;1;F;25-35;20/8/2021;14;A;Jujuy;17357903;NO VIGENTE
4/9/2021;1;Salud;A;17;1;M;46-60;17/6/2021;42;B;CABA;17359974;VIGENTE
18/9/2021;1;Salud;I;69;1;M;18-24;8/3/2021;41;F;CABA;17393825;VIGENTE
30/10/2022;1;Salud;Z;16;1;F;61-70;20/5/2021;7;B;Chaco;17403289;VIGENTE
12/8/2021;1;Salud;A;31;1;F;46-60;25/6/2021;44;C;La Pampa;17406411;VIGENTE
6/6/2022;2;Vida;L;53;1;M;25-35;13/8/2022;19;B;Santiago del Estero;17439244;NO VIGENTE
25/7/2022;2;Salud;A;119;1;M;25-35;22/6/2022;15;E;Catamarca;17442919;NO VIGENTE
24/8/2022;1;Salud;A;47;1;M;25-35;25/1/2021;13;E;Formosa;17473786;NO VIGENTE
21/9/2021;1;Salud;I;113;1;M;25-35;26/12/2021;41;E;CABA;17475495;VIGENTE
22/6/2021;1;Salud;Z;52;1;F;46-60;2/12/2021;48;B;Catamarca;17477873;VIGENTE
20/11/2022;1;Salud;N;11;1;M;46-60;10/9/2021;5;C;Entre Rios;17504075;VIGENTE
26/1/2022;1;Vida;A;29;1;M;36-45;1/5/2021;30;C;Chaco;17543949;VIGENTE
21/12/2022;1;Vida;Z;9;1;F;46-60;24/12/2022;3;C;Cordoba;17553600;VIGENTE
12/10/2022;2;Salud;Z;15;1;M;18-24;20/12/2021;9;F;San Juan;17570608;VIGENTE
8/10/2022;1;Salud;A;117;1;F;46-60;31/5/2021;9;C;CABA;17584378;VIGENTE
23/11/2022;1;Salud;A;89;1;F;36-45;3/12/2022;5;F;CABA;17593584;VIGENTE
16/4/2021;1;Salud;I;32;1;M;46-60;24/5/2022;54;C;Catamarca;17625087;VIGENTE
9/8/2021;2;Salud;A;53;1;M;46-60;28/12/2021;44;F;Neuquen;17634148;VIGENTE
16/6/2021;2;Salud;N;93;1;F;36-45;13/5/2022;49;C;Tucuman;17668055;VIGENTE
30/9/2021;2;Salud;A;58;1;F;46-60;20/9/2021;40;F;Formosa;17671116;VIGENTE
9/3/2022;1;Vida;Z;74;1;F;46-60;21/10/2022;27;A;Cordoba;17708390;VIGENTE
20/5/2021;1;Salud;A;84;1;F;61-70;3/6/2022;51;C;Santa Cruz;17743216;VIGENTE
10/6/2021;2;Salud;I;43;1;F;36-45;17/3/2021;49;F;Cordoba;17780851;VIGENTE
8/12/2021;1;Vida;A;89;1;M;61-70;24/2/2021;34;D;CABA;17820852;VIGENTE
22/6/2022;2;Salud;A;66;1;F;70+;13/4/2021;18;E;Corrientes;17824727;NO VIGENTE
9/8/2022;1;Salud;A;64;1;M;61-70;14/12/2021;14;E;Tucuman;17898406;NO VIGENTE
21/4/2021;1;Salud;A;74;1;F;46-60;2/1/2022;54;C;Tucuman;17950120;VIGENTE
14/11/2021;2;Vida;A;28;1;M;46-60;17/1/2021;36;C;Misiones;17965138;VIGENTE
15/4/2022;1;Vida;Z;49;1;F;36-45;12/5/2022;24;E;Jujuy;18004430;VIGENTE
31/10/2021;2;Vida;Z;90;1;M;46-60;7/11/2021;37;D;Entre Rios;18013370;VIGENTE
20/8/2022;1;Salud;Z;116;1;F;25-35;23/11/2022;13;B;CABA;18031077;NO VIGENTE
9/6/2022;1;Salud;Z;97;1;F;36-45;2/5/2021;19;B;Cordoba;18070789;NO VIGENTE
28/3/2022;1;Vida;I;13;1;F;46-60;1/6/2022;25;D;Chaco;18075563;VIGENTE
16/10/2022;1;Salud;A;120;1;M;25-35;19/12/2021;8;D;San Luis;18078247;VIGENTE
26/10/2022;2;Salud;N;44;1;M;46-60;8/5/2021;7;F;CABA;18149407;VIGENTE
12/10/2022;1;Salud;A;29;1;M;36-45;26/1/2021;9;F;Tucuman;18181475;VIGENTE
1/1/2021;1;Vida;Z;50;1;M;36-45;5/12/2021;63;D;Cordoba;18216994;VIGENTE
16/8/2022;1;Salud;Z;2;1;F;46-60;23/1/2021;13;B;Mendoza;18250242;NO VIGENTE
18/3/2021;2;Salud;A;33;1;M;46-60;17/2/2022;56;B;Catamarca;18256583;VIGENTE
6/10/2022;2;Salud;Z;54;1;M;61-70;14/10/2021;9;E;Cordoba;18277222;VIGENTE
1/6/2022;2;Vida;Z;26;1;F;25-35;1/12/2021;20;E;Entre Rios;18302728;NO VIGENTE
28/1/2022;2;Vida;Z;35;1;F;61-70;16/7/2022;30;F;CABA;18333333;VIGENTE
17/4/2021;2;Salud;M;87;1;M;36-45;10/3/2022;54;F;Tucuman;18344182;VIGENTE
22/2/2022;2;Vida;A;71;1;M;25-35;27/5/2021;28;E;Catamarca;18388845;VIGENTE
3/5/2021;1;Salud;G;77;1;F;46-60;7/4/2021;53;F;CABA;18392297;VIGENTE
19/6/2021;1;Salud;G;98;1;F;36-45;24/5/2022;49;B;CABA;18409545;VIGENTE
14/1/2022;2;Vida;Z;2;1;F;46-60;1/12/2021;31;B;Corrientes;18414787;VIGENTE
3/3/2022;1;Vida;A;24;1;F;46-60;24/4/2021;27;E;Chaco;18428351;VIGENTE
14/6/2022;2;Salud;Z;20;1;M;18-24;25/6/2021;19;D;Chaco;18431796;NO VIGENTE
24/2/2022;1;Vida;Z;71;1;F;18-24;27/4/2022;28;F;CABA;18472813;VIGENTE
21/5/2022;1;Vida;Z;13;1;M;61-70;2/6/2022;21;F;Corrientes;18483459;NO VIGENTE
2/11/2021;1;Vida;Z;45;1;F;18-24;15/1/2022;37;B;CABA;18488531;VIGENTE
6/4/2021;2;Salud;Z;49;1;F;61-70;11/10/2022;55;C;CABA;18531900;VIGENTE
26/7/2021;2;Salud;A;43;1;M;25-35;19/10/2022;46;C;La Pampa;18560643;VIGENTE
2/12/2022;2;Salud;Z;31;1;M;18-24;10/7/2022;4;A;Buenos Aires;18577902;VIGENTE
5/2/2022;2;Vida;Z;41;1;M;61-70;22/10/2022;29;E;Catamarca;18631562;VIGENTE
7/9/2021;1;Salud;Z;104;1;F;36-45;9/4/2021;42;E;San Luis;18640607;VIGENTE
10/11/2021;1;Vida;A;87;1;F;46-60;25/10/2022;37;C;Buenos Aires;18684960;VIGENTE
22/2/2022;1;Vida;Z;10;1;M;46-60;20/10/2021;28;F;Misiones;18698123;VIGENTE
26/5/2021;1;Salud;A;29;1;F;46-60;4/5/2022;51;D;Chaco;18707975;VIGENTE
11/2/2022;1;Vida;A;93;1;F;46-60;28/5/2022;29;F;Jujuy;18719288;VIGENTE
28/8/2021;2;Salud;Z;62;1;M;61-70;6/9/2021;43;A;Entre Rios;18769921;VIGENTE
18/8/2021;2;Salud;M;96;1;F;25-35;13/1/2022;44;D;CABA;18844412;VIGENTE
5/9/2022;2;Salud;Z;61;1;F;46-60;9/4/2022;12;E;Tucuman;18862615;NO VIGENTE
20/2/2021;1;Salud;A;75;1;M;46-60;12/10/2022;59;B;Catamarca;18883903;VIGENTE
28/3/2021;2;Salud;M;86;1;F;46-60;19/12/2021;56;C;Catamarca;18910903;VIGENTE
15/1/2021;1;Vida;I;94;1;M;46-60;3/1/2022;62;C;San Juan;18921406;VIGENTE
19/11/2021;1;Vida;M;43;1;F;61-70;10/6/2022;36;B;Catamarca;18957386;VIGENTE
30/10/2022;1;Salud;Z;36;1;M;25-35;20/5/2022;7;A;Formosa;18980904;VIGENTE
8/6/2022;1;Salud;Z;58;1;F;36-45;15/4/2021;19;B;Catamarca;19018130;NO VIGENTE
21/4/2021;2;Salud;A;117;1;M;46-60;30/1/2021;54;C;San Juan;19022109;VIGENTE
3/5/2022;2;Vida;Z;86;1;F;18-24;21/6/2021;22;D;Cordoba;19045274;NO VIGENTE
30/5/2022;2;Vida;A;52;1;F;36-45;14/8/2021;20;F;Entre Rios;19056566;NO VIGENTE
7/11/2021;2;Vida;A;4;1;M;46-60;12/1/2021;37;A;Buenos Aires;19063004;VIGENTE
5/6/2022;2;Vida;J;104;1;M;36-45;5/7/2022;19;A;La Rioja;19072988;NO VIGENTE
24/6/2022;1;Salud;J;55;1;M;36-45;5/3/2022;18;A;Chubut;19073490;NO VIGENTE
17/7/2021;2;Salud;N;105;1;F;61-70;1/9/2021;46;E;La Rioja;19120508;VIGENTE
20/4/2021;1;Salud;A;6;1;M;46-60;22/7/2021;54;B;Santa Fe;19134064;VIGENTE
13/5/2021;1;Salud;Z;107;1;F;61-70;10/10/2022;52;E;Buenos Aires;19168405;VIGENTE
2/8/2022;1;Salud;A;56;1;F;18-24;25/9/2021;15;A;Catamarca;19169973;NO VIGENTE
21/5/2021;1;Salud;Z;96;1;M;46-60;18/2/2021;51;A;Buenos Aires;19226146;VIGENTE
22/9/2022;1;Salud;A;44;1;F;70+;16/3/2022;10;C;Neuquen;19243115;NO VIGENTE
5/2/2021;2;Salud;Z;104;1;F;61-70;1/12/2022;60;A;Chaco;19285546;VIGENTE
24/9/2022;1;Salud;N;38;1;F;46-60;9/9/2021;10;D;CABA;19307803;NO VIGENTE
11/3/2021;2;Salud;J;42;1;M;61-70;9/10/2022;57;C;Formosa;19323640;VIGENTE
19/11/2022;1;Salud;I;2;1;F;70+;9/1/2021;5;A;Formosa;19344696;VIGENTE
24/12/2021;1;Vida;I;86;1;M;61-70;15/6/2021;33;E;CABA;19352437;VIGENTE
21/2/2021;2;Salud;A;40;1;F;46-60;24/7/2021;58;D;La Pampa;19392258;VIGENTE
16/11/2022;2;Salud;Z;68;1;F;61-70;30/7/2021;6;E;Chaco;19397095;VIGENTE
3/4/2021;2;Salud;I;46;1;F;46-60;17/7/2022;55;F;Corrientes;19435271;VIGENTE
30/1/2022;2;Vida;M;120;1;M;46-60;2/1/2022;30;E;Formosa;19453309;VIGENTE
2/10/2021;2;Salud;Z;76;1;M;61-70;14/7/2021;40;A;Tucuman;19469715;VIGENTE
26/1/2022;1;Vida;Z;91;1;F;61-70;14/6/2022;30;F;Salta;19475631;VIGENTE
7/12/2021;2;Vida;Z;67;1;M;61-70;1/6/2022;34;C;Tucuman;19490734;VIGENTE
27/6/2022;1;Salud;A;119;1;M;25-35;27/11/2021;18;A;Rio Negro;19519000;NO VIGENTE
17/8/2022;1;Salud;Z;41;1;M;61-70;24/2/2022;13;C;La Pampa;19548931;NO VIGENTE
15/2/2021;1;Salud;Z;30;1;M;46-60;11/9/2021;59;E;Catamarca;19551575;VIGENTE
30/6/2021;2;Salud;A;31;1;F;46-60;31/3/2021;48;A;Cordoba;19561320;VIGENTE
5/6/2022;1;Vida;Z;86;1;F;25-35;14/6/2021;19;D;Tucuman;19566483;NO VIGENTE
28/12/2021;2;Vida;Z;88;1;M;18-24;25/10/2022;33;E;CABA;19587085;VIGENTE
23/6/2022;1;Salud;I;111;1;F;61-70;15/1/2021;18;B;Chaco;19590472;NO VIGENTE
22/11/2021;2;Vida;J;9;1;M;61-70;22/6/2021;36;A;Santa Fe;19616232;VIGENTE
9/9/2022;2;Salud;A;31;1;M;70+;5/5/2022;11;F;Catamarca;19664217;NO VIGENTE
2/2/2022;2;Salud;A;40;1;F;46-60;26/4/2022;30;A;Catamarca;19665103;VIGENTE
17/9/2022;2;Salud;Z;77;1;F;36-45;9/3/2022;11;F;Mendoza;19686636;NO VIGENTE
1/5/2022;2;Vida;Z;74;1;F;18-24;2/12/2021;22;B;La Pampa;19706711;NO VIGENTE
13/12/2022;1;Salud;M;102;1;F;61-70;14/5/2022;3;B;Chaco;19738143;VIGENTE
25/3/2021;2;Salud;G;44;1;M;46-60;23/4/2021;56;A;Cordoba;19748300;VIGENTE
31/3/2022;2;Vida;A;107;1;F;25-35;3/5/2022;25;F;Chubut;19780794;VIGENTE
15/12/2022;1;Salud;A;117;1;M;70+;29/3/2021;3;A;San Juan;19794654;VIGENTE
5/2/2021;1;Salud;Z;3;1;M;61-70;23/12/2022;60;A;Tucuman;19799721;VIGENTE
3/9/2021;2;Salud;I;76;1;F;18-24;27/9/2022;42;F;Tucuman;19803294;VIGENTE
20/3/2022;1;Vida;A;40;1;M;46-60;6/3/2021;26;E;Chaco;19821345;VIGENTE
27/5/2022;1;Vida;I;5;1;M;46-60;5/4/2021;20;F;Mendoza;19865579;NO VIGENTE
29/8/2022;2;Salud;G;7;1;M;61-70;12/3/2022;12;C;Rio Negro;19866375;NO VIGENTE
20/1/2021;2;Vida;Z;104;1;M;61-70;9/7/2021;61;A;Mendoza;19879461;VIGENTE
1/5/2021;2;Salud;Z;60;1;M;61-70;2/3/2022;53;F;CABA;19880151;VIGENTE
3/11/2021;2;Vida;A;101;1;F;46-60;26/12/2021;37;C;CABA;19886037;VIGENTE
18/4/2022;2;Vida;Z;15;1;F;25-35;12/3/2021;23;F;Tucuman;19940370;VIGENTE
2/2/2022;1;Salud;A;100;1;M;61-70;21/12/2022;30;A;Jujuy;20026281;VIGENTE
29/7/2021;1;Salud;I;89;1;M;46-60;29/12/2021;45;B;Catamarca;20027873;VIGENTE
23/8/2022;1;Salud;A;104;1;M;25-35;19/6/2022;13;F;Corrientes;20045409;NO VIGENTE
7/4/2022;2;Salud;A;9;1;M;61-70;1/7/2022;24;B;Tucuman;20047159;VIGENTE
13/7/2022;1;Salud;A;99;1;F;70+;25/2/2022;16;D;La Rioja;20068335;NO VIGENTE
6/10/2022;2;Salud;L;35;1;F;46-60;30/9/2022;9;E;Corrientes;20075984;VIGENTE
9/6/2021;2;Salud;K;103;1;M;36-45;5/12/2021;49;D;Chubut;20077884;VIGENTE
21/3/2022;2;Salud;A;113;1;F;18-24;7/11/2022;26;B;La Pampa;20119938;VIGENTE
23/4/2021;1;Salud;A;112;1;M;46-60;21/9/2021;53;F;San Juan;20160712;VIGENTE
7/10/2021;2;Salud;I;17;1;M;18-24;6/11/2022;39;D;Santiago del Estero;20172668;VIGENTE
8/8/2021;2;Salud;H;40;1;M;36-45;28/4/2022;44;F;Cordoba;20216988;VIGENTE
20/2/2022;2;Salud;A;92;1;M;25-35;12/7/2021;28;E;Catamarca;20248513;VIGENTE
14/4/2022;1;Salud;A;111;1;M;18-24;28/10/2021;24;E;CABA;20257224;VIGENTE
13/4/2021;2;Salud;A;7;1;F;46-60;8/4/2022;54;C;Entre Rios;20290282;VIGENTE
29/7/2022;1;Salud;A;11;1;F;18-24;19/6/2021;15;B;La Pampa;20321892;NO VIGENTE
15/6/2021;1;Salud;L;52;1;M;46-60;25/6/2021;49;A;La Rioja;20343539;VIGENTE
28/4/2022;2;Salud;Z;98;1;M;61-70;12/1/2022;23;B;Catamarca;20359678;NO VIGENTE
27/4/2022;2;Salud;K;76;1;F;46-60;13/3/2021;23;D;Catamarca;20373162;NO VIGENTE
10/6/2021;1;Salud;A;119;1;M;46-60;13/3/2022;49;C;Chubut;20398994;VIGENTE
16/12/2021;1;Salud;A;64;1;F;46-60;29/7/2022;34;B;Catamarca;20440522;VIGENTE
3/8/2022;2;Salud;G;22;1;F;25-35;28/4/2022;14;E;Mendoza;20490462;NO VIGENTE
17/12/2022;2;Estudio;M;7;1;F;18-24;27/11/2021;3;B;CABA;20491582;VIGENTE
17/11/2021;1;Salud;A;15;1;F;46-60;23/12/2022;36;A;San Luis;20503739;VIGENTE
31/8/2022;2;Salud;Z;94;1;F;61-70;2/2/2021;12;C;Chaco;20560947;NO VIGENTE
6/6/2022;1;Salud;A;9;1;F;61-70;18/4/2021;19;D;Tucuman;20570077;NO VIGENTE
24/1/2022;1;Salud;G;97;1;M;61-70;23/11/2021;30;B;San Juan;20592690;VIGENTE
1/6/2021;1;Estudio;A;1;1;M;46-60;14/11/2021;50;D;CABA;20612562;VIGENTE
6/2/2021;2;Salud;A;25;1;M;46-60;15/2/2022;60;A;Catamarca;20649392;VIGENTE
1/12/2021;1;Salud;A;6;1;M;18-24;18/2/2021;35;C;Cordoba;20695804;VIGENTE
27/6/2021;2;Salud;Z;68;1;M;61-70;13/1/2021;48;D;CABA;20703635;VIGENTE
1/8/2022;1;Salud;Z;35;1;M;70+;20/5/2022;15;F;Chubut;20731136;NO VIGENTE
22/2/2022;1;Salud;Z;10;1;M;18-24;4/2/2021;28;B;Catamarca;20752249;VIGENTE
10/6/2021;2;Salud;I;27;1;F;46-60;15/9/2022;49;A;San Juan;20810382;VIGENTE
17/10/2022;1;Salud;A;53;1;F;70+;16/10/2021;8;F;CABA;20821878;VIGENTE
10/9/2021;1;Salud;Z;10;1;F;18-24;7/5/2021;42;A;Rio Negro;20841194;VIGENTE
19/12/2022;1;Estudio;Z;109;1;M;61-70;3/7/2022;3;A;Catamarca;20846546;VIGENTE
12/7/2022;1;Salud;Z;81;1;M;46-60;30/4/2021;16;B;Entre Rios;20879637;NO VIGENTE
16/4/2021;2;Salud;J;60;1;M;46-60;19/11/2021;54;B;Misiones;20909991;VIGENTE
30/1/2022;1;Salud;A;89;1;F;46-60;9/4/2022;30;B;CABA;20934893;VIGENTE
6/3/2022;2;Salud;K;74;1;M;46-60;8/6/2021;27;D;Tucuman;20946517;VIGENTE
19/4/2022;1;Salud;A;30;1;F;18-24;1/12/2021;23;A;Misiones;20963410;VIGENTE
1/3/2022;1;Salud;Z;112;1;F;36-45;1/2/2021;27;A;Catamarca;20969155;VIGENTE
3/4/2022;2;Salud;A;21;1;M;46-60;7/4/2021;25;C;Misiones;20970535;VIGENTE
6/6/2022;2;Salud;Z;68;1;M;70+;17/8/2022;19;F;Chaco;20977623;NO VIGENTE
25/11/2021;1;Salud;M;71;1;M;46-60;22/9/2021;35;A;La Rioja;20979545;VIGENTE
2/6/2021;1;Estudio;A;60;1;M;36-45;26/3/2021;50;D;Chaco;20985131;VIGENTE
23/9/2021;1;Salud;I;103;1;F;25-35;23/10/2022;41;B;Tucuman;20993660;VIGENTE
10/7/2021;2;Salud;A;105;1;M;46-60;27/5/2021;47;B;Entre Rios;20994311;VIGENTE
2/4/2021;2;Salud;A;65;1;M;46-60;10/6/2021;55;C;Misiones;21004642;VIGENTE
3/7/2021;1;Salud;Z;12;1;M;36-45;24/8/2022;47;D;CABA;21091391;VIGENTE
22/3/2021;1;Salud;A;74;1;M;46-60;23/6/2022;56;B;Catamarca;21100663;VIGENTE
24/4/2021;1;Estudio;Z;29;1;M;46-60;6/6/2021;53;A;Mendoza;21110618;VIGENTE
12/10/2022;1;Salud;G;61;1;M;18-24;15/12/2022;9;E;CABA;21143783;VIGENTE
22/12/2021;2;Salud;A;16;1;M;46-60;3/10/2021;33;B;La Rioja;21171446;VIGENTE
25/11/2022;2;Salud;M;22;1;M;25-35;7/3/2021;5;C;Tucuman;21195941;VIGENTE
8/7/2022;1;Salud;Z;25;1;F;36-45;13/10/2021;17;A;San Luis;21205269;NO VIGENTE
28/4/2021;1;Estudio;Z;28;1;F;61-70;22/2/2021;53;C;Catamarca;21222659;VIGENTE
17/12/2022;1;Estudio;H;54;1;F;61-70;18/9/2022;3;B;San Juan;21252918;VIGENTE
13/12/2022;2;Salud;Z;23;1;F;36-45;5/6/2022;3;D;Tucuman;21259266;VIGENTE
18/8/2022;2;Salud;A;29;1;M;18-24;30/9/2022;13;B;Rio Negro;21273560;NO VIGENTE
3/10/2021;1;Salud;A;105;1;F;61-70;19/5/2022;40;D;La Rioja;21314137;VIGENTE
30/7/2021;1;Salud;A;84;1;F;46-60;14/5/2021;45;A;Corrientes;21335805;VIGENTE
23/12/2022;2;Estudio;A;96;1;F;46-60;28/10/2021;3;A;La Rioja;21353372;VIGENTE
8/1/2022;1;Salud;A;83;1;F;25-35;29/4/2021;32;D;CABA;21367112;VIGENTE
25/6/2022;1;Salud;Z;42;1;F;70+;29/7/2022;18;B;Cordoba;21450107;NO VIGENTE
9/1/2021;1;Estudio;A;118;1;F;18-24;15/2/2021;62;F;Rio Negro;21458230;VIGENTE
3/7/2022;1;Salud;L;58;1;F;61-70;28/9/2022;17;A;Neuquen;21467597;NO VIGENTE
14/1/2021;1;Estudio;Z;4;1;M;70+;10/8/2022;62;F;Santa Fe;21473244;VIGENTE
5/2/2021;1;Salud;A;93;1;M;46-60;14/5/2021;60;D;La Pampa;21516039;VIGENTE
19/5/2021;2;Estudio;Z;80;1;M;61-70;3/9/2022;51;B;Cordoba;21550909;VIGENTE
9/12/2022;2;Salud;Z;9;1;M;46-60;19/10/2022;4;E;Santa Fe;21572610;VIGENTE
12/11/2022;2;Salud;I;99;1;M;46-60;6/11/2022;6;A;Catamarca;21590719;VIGENTE
18/4/2022;2;Salud;A;112;1;M;61-70;7/4/2022;23;A;La Pampa;21615949;VIGENTE
14/7/2022;1;Salud;J;14;1;F;18-24;2/1/2022;16;A;Santa Fe;21616716;NO VIGENTE
16/2/2022;1;Salud;A;27;1;M;61-70;18/4/2022;28;F;Catamarca;21623121;VIGENTE
23/9/2021;2;Salud;H;90;1;M;25-35;11/11/2021;41;C;Cordoba;21631641;VIGENTE
27/12/2021;1;Salud;A;68;1;F;18-24;7/11/2021;33;C;Cordoba;21729425;VIGENTE
8/4/2022;2;Salud;I;77;1;F;36-45;16/12/2021;24;B;Mendoza;21758235;VIGENTE
22/8/2021;2;Salud;Z;89;1;F;18-24;8/4/2022;43;E;Rio Negro;21763395;VIGENTE
9/8/2021;1;Salud;Z;109;1;M;25-35;15/10/2022;44;F;Entre Rios;21763888;VIGENTE
24/9/2021;2;Salud;Z;44;1;F;46-60;8/2/2022;41;B;Rio Negro;21803543;VIGENTE
25/3/2021;1;Salud;Z;33;1;F;61-70;3/10/2021;56;B;Catamarca;21857943;VIGENTE
7/6/2021;1;Estudio;J;118;1;M;46-60;20/7/2021;50;E;CABA;21923233;VIGENTE
19/12/2022;2;Estudio;I;100;1;M;70+;1/8/2021;3;A;Neuquen;21936512;VIGENTE
15/5/2021;2;Cajero;H;7;1;M;46-60;1/9/2022;52;C;Catamarca;21961613;VIGENTE
18/2/2021;2;Cajero;Z;6;1;M;46-60;20/12/2021;59;C;Entre Rios;21979405;VIGENTE
6/12/2021;1;Cajero;A;63;1;M;61-70;22/12/2022;34;D;San Juan;22049375;VIGENTE
21/8/2021;1;Cajero;A;84;1;F;25-35;8/5/2022;43;B;Mendoza;22117397;VIGENTE
5/1/2022;1;Cajero;A;14;1;M;25-35;14/5/2022;32;B;Buenos Aires;22117854;VIGENTE
3/8/2022;2;Cajero;Z;58;1;F;18-24;3/9/2022;14;A;La Pampa;22177542;NO VIGENTE
20/2/2022;2;Cajero;A;89;1;M;61-70;19/12/2021;28;E;Chaco;22267099;VIGENTE
13/4/2021;1;Cajero;Z;72;1;F;46-60;14/5/2021;54;F;Cordoba;22274946;VIGENTE
3/4/2021;2;Cajero;A;45;1;M;36-45;7/5/2021;55;F;Tucuman;22303308;VIGENTE
5/7/2022;2;Cajero;L;98;1;F;61-70;5/4/2022;17;D;Buenos Aires;22305887;NO VIGENTE
18/6/2021;1;Cajero;Z;3;1;M;46-60;17/7/2022;49;F;Catamarca;22312175;VIGENTE
13/7/2021;1;Cajero;Z;27;1;F;36-45;21/2/2021;47;B;La Rioja;22318557;VIGENTE
8/9/2022;1;Cajero;Z;36;1;M;36-45;27/5/2021;11;D;La Rioja;22340426;NO VIGENTE
26/4/2022;1;Cajero;A;86;1;M;36-45;30/9/2021;23;F;Entre Rios;22348291;NO VIGENTE
21/12/2021;2;Cajero;A;39;1;F;18-24;16/4/2021;33;D;La Pampa;22374112;VIGENTE
20/12/2022;2;Cajero;A;87;1;M;70+;25/5/2022;3;F;La Rioja;22383406;VIGENTE
9/7/2021;1;Cajero;Z;25;1;F;46-60;2/7/2021;47;A;CABA;22423863;VIGENTE
25/2/2022;1;Cajero;A;88;1;F;36-45;30/9/2021;28;D;Catamarca;22452771;VIGENTE
13/5/2021;1;Cajero;A;94;1;F;46-60;7/8/2021;52;A;CABA;22537268;VIGENTE
14/10/2021;1;Cajero;A;38;1;M;46-60;9/4/2021;39;E;Catamarca;22594098;VIGENTE
8/1/2022;2;Cajero;A;77;1;F;36-45;20/1/2022;32;D;Chaco;22662107;VIGENTE
30/4/2021;1;Cajero;A;74;1;M;61-70;29/12/2022;53;F;La Pampa;22670240;VIGENTE
8/5/2022;1;Cajero;A;110;1;M;70+;5/8/2022;22;B;CABA;22692542;NO VIGENTE
18/9/2021;1;Cajero;I;70;1;F;61-70;19/12/2021;41;E;Entre Rios;22732704;VIGENTE
11/11/2021;1;Cajero;Z;47;1;M;25-35;26/8/2021;37;A;Chubut;22791319;VIGENTE
4/10/2022;1;Cajero;Z;8;1;F;61-70;9/5/2022;9;C;Entre Rios;22792600;VIGENTE
25/10/2021;2;Cajero;Z;102;1;M;36-45;18/10/2022;38;A;La Pampa;22810073;VIGENTE
10/3/2022;2;Cajero;N;80;1;F;46-60;21/5/2022;27;A;Santa Cruz;22834676;VIGENTE
8/11/2022;1;Cajero;I;94;1;M;70+;23/12/2022;6;A;San Juan;22862082;VIGENTE
31/3/2021;1;Cajero;A;86;1;F;36-45;11/6/2021;55;C;CABA;22916447;VIGENTE
8/8/2022;2;Cajero;Z;91;1;F;36-45;4/3/2021;14;F;Buenos Aires;22949633;NO VIGENTE
28/12/2022;1;Cajero;Z;34;1;F;70+;19/2/2021;2;C;Formosa;23014542;VIGENTE
2/7/2021;2;Cajero;Z;116;1;M;61-70;15/6/2022;48;B;CABA;23024980;VIGENTE
19/6/2021;1;Cajero;Z;110;1;M;36-45;10/9/2022;49;B;Catamarca;23025835;VIGENTE
6/5/2022;1;Cajero;Z;84;1;M;46-60;6/9/2022;22;F;Jujuy;23064240;NO VIGENTE
21/7/2021;2;Cajero;A;5;1;M;36-45;8/7/2021;46;D;Tucuman;23092213;VIGENTE
1/12/2021;2;Cajero;A;62;1;M;18-24;9/11/2021;35;F;Corrientes;23106381;VIGENTE
16/8/2021;2;Cajero;Z;72;1;F;46-60;9/3/2022;44;E;La Pampa;23107083;VIGENTE
5/8/2022;2;Cajero;J;47;1;M;46-60;20/1/2021;14;E;Salta;23108548;NO VIGENTE
13/10/2021;1;Cajero;A;85;1;F;46-60;7/9/2022;39;E;Catamarca;23111876;VIGENTE
20/9/2022;2;Cajero;A;19;1;F;70+;21/5/2021;10;A;Catamarca;23116167;NO VIGENTE
28/9/2022;1;Cajero;I;52;1;M;70+;13/5/2022;10;D;San Juan;23143938;NO VIGENTE
25/11/2022;1;Cajero;A;99;1;M;36-45;9/4/2021;5;D;Catamarca;23156942;VIGENTE
3/2/2022;1;Cajero;I;96;1;M;61-70;28/2/2022;30;D;Catamarca;23164674;VIGENTE
20/11/2022;1;Cajero;Z;42;1;F;25-35;13/1/2022;5;C;Buenos Aires;23179134;VIGENTE
14/12/2022;1;Cajero;A;52;1;F;61-70;9/9/2022;3;A;Chaco;23185120;VIGENTE
7/3/2021;1;Cajero;A;21;1;F;61-70;12/11/2022;57;B;Chaco;23198195;VIGENTE
2/10/2022;1;Cajero;A;112;1;F;61-70;28/10/2022;9;E;Catamarca;23239283;VIGENTE
3/11/2022;1;Cajero;I;57;1;M;70+;4/9/2022;7;D;Entre Rios;23287287;VIGENTE
1/7/2021;2;Cajero;I;85;1;F;46-60;15/9/2022;48;B;Formosa;23291855;VIGENTE
3/4/2021;2;Cajero;Z;83;1;F;46-60;31/3/2022;55;E;La Rioja;23301080;VIGENTE
16/6/2022;2;Cajero;A;26;1;M;36-45;7/4/2022;18;D;Salta;23315656;NO VIGENTE
25/9/2021;1;Cajero;L;110;1;F;36-45;7/11/2022;40;E;Formosa;23315967;VIGENTE
19/1/2021;1;Cajero;Z;69;1;M;61-70;3/4/2022;61;D;CABA;23326373;VIGENTE
14/7/2022;2;Cajero;Z;112;1;F;70+;19/2/2021;16;E;Catamarca;23379847;NO VIGENTE
26/7/2021;2;Cajero;A;27;1;F;46-60;23/6/2021;46;A;Catamarca;23387300;VIGENTE
2/2/2022;2;Cajero;A;75;1;F;36-45;7/2/2021;30;B;San Juan;23404515;VIGENTE
6/1/2022;2;Cajero;Z;59;1;M;46-60;28/3/2022;32;D;Mendoza;23405499;VIGENTE
14/8/2021;2;Cajero;A;91;1;F;61-70;1/12/2022;44;E;Chaco;23410278;VIGENTE
29/1/2021;2;Cajero;Z;111;1;F;61-70;1/8/2022;60;E;Catamarca;23414072;VIGENTE
11/12/2022;2;Cajero;A;53;1;F;70+;3/3/2022;4;B;Mendoza;23458023;VIGENTE
6/1/2022;2;Cajero;Z;70;1;M;46-60;20/5/2021;32;F;CABA;23458542;VIGENTE
25/12/2022;2;Cajero;Z;53;1;M;25-35;29/4/2021;2;F;Corrientes;23471316;VIGENTE
30/7/2021;1;Cajero;Z;48;1;F;61-70;12/3/2021;45;C;CABA;23550939;VIGENTE
15/5/2021;1;Cajero;Z;35;1;F;46-60;22/1/2021;52;F;San Luis;23555569;VIGENTE
18/8/2022;1;Cajero;Z;71;1;M;70+;13/6/2022;13;B;San Juan;23562073;NO VIGENTE
14/8/2021;2;Cajero;Z;74;1;M;36-45;8/2/2021;44;E;Chaco;23580064;VIGENTE
26/9/2021;1;Cajero;H;106;1;M;61-70;10/1/2021;40;E;La Rioja;23594267;VIGENTE
6/1/2022;1;Cajero;I;7;1;F;46-60;4/3/2022;32;E;Catamarca;23606466;VIGENTE
10/1/2021;1;Cajero;Z;32;1;M;25-35;4/3/2022;62;E;Corrientes;23612886;VIGENTE
1/5/2022;1;Cajero;A;10;1;F;61-70;5/5/2021;22;D;La Rioja;23748581;NO VIGENTE
22/12/2021;1;Cajero;Z;76;1;M;36-45;22/10/2021;33;F;Corrientes;23751866;VIGENTE
15/10/2022;2;Cajero;A;8;1;F;70+;9/3/2022;8;A;Jujuy;23767265;VIGENTE
11/11/2021;2;Cajero;K;79;1;F;18-24;2/10/2022;37;B;Santa Fe;23776427;VIGENTE
7/2/2022;1;Cajero;A;19;1;M;61-70;7/11/2021;29;C;Entre Rios;23805124;VIGENTE
1/7/2021;1;Cajero;A;72;1;M;61-70;21/6/2021;48;C;Misiones;23824699;VIGENTE
15/1/2021;2;Cajero;I;66;1;M;61-70;10/4/2021;62;B;Entre Rios;23825103;VIGENTE
6/3/2021;1;Cajero;A;27;1;F;61-70;13/7/2022;57;A;Corrientes;23898664;VIGENTE
8/5/2021;1;Cajero;G;82;1;F;46-60;22/1/2021;52;C;Rio Negro;23914697;VIGENTE
26/7/2022;1;Cajero;I;84;1;M;18-24;7/5/2022;15;A;Catamarca;23918964;NO VIGENTE
22/11/2022;2;Cajero;Z;62;1;F;18-24;27/6/2022;5;A;La Pampa;23980658;VIGENTE
15/2/2021;2;Cajero;Z;107;1;F;61-70;12/6/2022;59;C;CABA;23987670;VIGENTE
23/1/2022;2;Cajero;Z;13;1;F;46-60;8/1/2021;30;B;Entre Rios;23996874;VIGENTE
15/9/2022;2;Cajero;I;109;1;F;46-60;5/11/2021;11;D;San Luis;24005716;NO VIGENTE
10/11/2021;1;Cajero;A;89;1;F;36-45;29/3/2021;37;A;Catamarca;24022154;VIGENTE
21/3/2021;1;Cajero;Z;18;1;M;46-60;25/9/2022;56;D;Chubut;24065006;VIGENTE
28/4/2021;1;Cajero;A;106;1;M;61-70;27/9/2021;53;D;San Juan;24077109;VIGENTE
30/12/2021;1;Cajero;M;28;1;M;61-70;12/2/2021;32;F;Catamarca;24089606;VIGENTE
8/12/2022;2;Cajero;K;82;1;M;25-35;26/4/2022;4;A;Catamarca;24089940;VIGENTE
16/5/2021;2;Cajero;Z;21;1;M;46-60;30/10/2022;51;D;Misiones;24113378;VIGENTE
13/12/2021;1;Cajero;A;84;1;F;46-60;17/10/2021;34;F;Catamarca;24136459;VIGENTE
10/9/2021;1;Cajero;I;66;1;F;61-70;23/8/2022;42;F;CABA;24153354;VIGENTE
30/8/2021;1;Cajero;Z;20;1;M;61-70;12/8/2021;43;D;La Pampa;24179388;VIGENTE
7/7/2022;2;Cajero;L;103;1;M;18-24;28/1/2022;17;F;La Rioja;24180567;NO VIGENTE
9/5/2021;1;Cajero;Z;15;1;F;46-60;26/10/2021;52;E;La Pampa;24189924;VIGENTE
9/5/2021;2;Cajero;A;10;1;M;61-70;5/3/2021;52;C;Tucuman;24191705;VIGENTE
22/4/2022;1;Cajero;Z;61;1;F;46-60;7/7/2021;23;F;La Pampa;24255097;VIGENTE
21/7/2021;2;Cajero;K;96;1;M;46-60;24/4/2021;46;A;Catamarca;24274073;VIGENTE
23/9/2021;2;Cajero;Z;112;1;M;18-24;10/1/2021;41;F;Entre Rios;24338597;VIGENTE
3/7/2022;2;Cajero;A;112;1;F;70+;3/7/2021;17;B;Buenos Aires;24341960;NO VIGENTE
5/5/2021;1;Cajero;N;8;1;M;61-70;1/12/2022;52;F;Chaco;24397844;VIGENTE
31/3/2022;2;Cajero;G;33;1;M;25-35;21/2/2021;25;C;La Pampa;24430050;VIGENTE
21/6/2022;2;Cajero;I;32;1;F;46-60;18/1/2022;18;B;Buenos Aires;24481857;NO VIGENTE
21/7/2021;1;Cajero;M;93;1;F;36-45;6/6/2021;46;E;CABA;24496533;VIGENTE
26/4/2021;1;Cajero;Z;54;1;M;46-60;19/11/2021;53;D;La Rioja;24505347;VIGENTE
18/11/2022;2;Cajero;A;81;1;M;25-35;22/3/2021;6;E;San Juan;24642095;VIGENTE
15/9/2022;2;Cajero;A;88;1;M;46-60;7/2/2022;11;A;Catamarca;24689192;NO VIGENTE
11/8/2022;1;Cajero;Z;25;1;M;61-70;3/7/2022;14;D;San Luis;24692935;NO VIGENTE
14/2/2021;1;Cajero;A;11;1;F;46-60;25/12/2021;59;B;CABA;24705668;VIGENTE
3/4/2022;2;Cajero;A;74;1;F;36-45;24/12/2022;25;D;CABA;24734061;VIGENTE
10/5/2021;2;Cajero;A;91;1;F;36-45;9/2/2021;52;F;La Pampa;24756509;VIGENTE
25/4/2022;1;Cajero;Z;13;1;F;36-45;3/6/2021;23;B;Cordoba;24766602;NO VIGENTE
27/10/2022;1;Cajero;A;3;1;M;36-45;24/12/2022;7;C;Entre Rios;24770588;VIGENTE
21/3/2021;1;Cajero;I;41;1;F;61-70;10/7/2022;56;C;Buenos Aires;24786245;VIGENTE
24/11/2021;2;Cajero;Z;23;1;F;61-70;13/4/2021;35;A;San Juan;24788767;VIGENTE
13/9/2021;2;Cajero;Z;71;1;F;61-70;21/2/2022;41;C;Corrientes;24874687;VIGENTE
5/12/2021;2;Cajero;A;32;1;M;36-45;23/3/2021;35;E;Rio Negro;24901885;VIGENTE
13/8/2021;1;Cajero;Z;63;1;M;46-60;4/5/2021;44;F;CABA;24934677;VIGENTE
11/3/2022;1;Cajero;Z;9;1;F;46-60;20/1/2021;27;B;Catamarca;24953888;VIGENTE
18/6/2021;2;Cajero;Z;60;1;M;46-60;30/7/2022;49;D;CABA;24970563;VIGENTE
18/4/2022;1;Cajero;A;59;1;F;18-24;17/7/2021;23;D;Catamarca;24999471;VIGENTE
8/12/2021;1;Cajero;A;5;1;M;18-24;17/7/2021;34;F;Chaco;25000332;VIGENTE
5/1/2022;2;Cajero;K;16;1;M;36-45;11/6/2022;32;E;La Pampa;25005308;VIGENTE
15/1/2021;2;Cajero;Z;103;1;F;61-70;21/9/2022;62;E;Rio Negro;25007425;VIGENTE
16/4/2021;1;Cajero;A;28;1;M;36-45;7/9/2021;54;B;CABA;25032751;VIGENTE
9/8/2021;2;Cajero;Z;21;1;M;18-24;11/2/2021;44;D;Formosa;25075629;VIGENTE
14/10/2021;1;Cajero;M;85;1;M;46-60;24/4/2022;39;F;La Pampa;25149684;VIGENTE
16/6/2022;1;Cajero;Z;5;1;M;25-35;14/10/2022;18;D;Chaco;25154220;NO VIGENTE
1/3/2022;1;Cajero;Z;26;1;F;36-45;26/4/2022;27;E;La Pampa;25168182;VIGENTE
25/12/2021;2;Cajero;Z;40;1;F;18-24;22/7/2022;33;B;Santa Cruz;25290057;VIGENTE
3/10/2022;2;Cajero;Z;110;1;M;18-24;22/12/2021;9;A;CABA;25313664;VIGENTE
30/5/2021;2;Cajero;A;14;1;M;61-70;5/4/2021;50;C;Chaco;25324299;VIGENTE
4/12/2021;1;Cajero;Z;97;1;F;46-60;19/2/2022;35;E;Catamarca;25378149;VIGENTE
12/4/2021;2;Cajero;I;6;1;F;61-70;30/6/2021;54;A;Buenos Aires;25378190;VIGENTE
11/5/2022;1;Cajero;G;15;1;M;61-70;4/1/2022;21;F;Tucuman;25381787;NO VIGENTE
11/11/2021;2;Cajero;A;22;1;F;25-35;24/2/2022;37;C;Tucuman;25386969;VIGENTE
17/5/2021;1;Cajero;A;101;1;F;61-70;28/11/2022;51;D;Corrientes;25413762;VIGENTE
18/1/2022;1;Cajero;A;44;1;F;18-24;24/2/2022;31;A;Neuquen;25444045;VIGENTE
21/3/2022;2;Cajero;A;62;1;F;61-70;6/5/2022;26;B;CABA;25451565;VIGENTE
24/1/2021;2;Cajero;A;12;1;M;46-60;23/11/2021;61;B;Misiones;25473345;VIGENTE
7/7/2022;1;Cajero;I;42;1;F;70+;27/10/2022;17;E;San Juan;25495667;NO VIGENTE
28/10/2021;2;Cajero;Z;21;1;M;36-45;29/3/2022;38;F;La Rioja;25508944;VIGENTE
28/10/2021;2;Cajero;Z;39;1;M;46-60;8/9/2022;38;D;Entre Rios;25521654;VIGENTE
15/12/2021;2;Cajero;M;48;1;M;46-60;12/3/2021;34;A;Corrientes;25523056;VIGENTE
7/8/2022;1;Cajero;A;61;1;M;25-35;29/1/2021;14;F;Chaco;25540846;NO VIGENTE
21/8/2021;1;Cajero;Z;63;1;F;61-70;22/4/2021;43;F;CABA;25549398;VIGENTE
2/9/2021;2;Cajero;A;54;1;M;36-45;2/5/2022;42;C;Catamarca;25592554;VIGENTE
16/6/2021;1;Cajero;A;82;1;F;46-60;4/5/2021;49;C;Entre Rios;25655408;VIGENTE
5/12/2022;1;Cajero;A;37;1;F;18-24;7/9/2021;4;E;Catamarca;25662132;VIGENTE
27/8/2021;1;Cajero;Z;49;1;M;25-35;15/3/2021;43;B;Chaco;25736672;VIGENTE
9/7/2022;1;Cajero;N;30;1;F;70+;12/6/2022;17;B;CABA;25761650;NO VIGENTE
26/2/2021;1;Cajero;K;4;1;F;46-60;4/4/2022;58;E;Catamarca;25765505;VIGENTE
7/1/2022;1;Salud;L;110;1;M;36-45;10/2/2021;32;F;Catamarca;25768713;VIGENTE
26/10/2022;1;Salud;Z;13;1;M;70+;1/9/2022;7;B;Jujuy;25772673;VIGENTE
27/2/2021;1;Salud;N;67;1;F;61-70;30/5/2022;58;B;Catamarca;25785588;VIGENTE
